repetition,allocator,operations,elapsed_ns,operations_per_second,checksum,valid
0,fixed_pool,1000,5919,168947457.341,0x1040,1
0,malloc,1000,8984,111308993.767,0x4da12,1
0,bump,1000,2083,480076812.290,0x72370,1
1,malloc,1000,8743,114377216.059,0x74357,1
1,bump,1000,2083,480076812.290,0x702f0,1
1,fixed_pool,1000,6110,163666121.113,0x1040,1
2,bump,1000,2083,480076812.290,0x702f0,1
2,fixed_pool,1000,5689,175777816.840,0x1040,1
2,malloc,1000,8563,116781501.810,0x4dfdb,1
3,fixed_pool,1000,5849,170969396.478,0x19c0,1
3,malloc,1000,8393,119146908.138,0x74577,1
3,bump,1000,1963,509424350.484,0x702f0,1
4,malloc,1000,8302,120452902.915,0x4c61d,1
4,bump,1000,2003,499251123.315,0x72370,1
4,fixed_pool,1000,5859,170677590.032,0x19c0,1
5,bump,1000,1963,509424350.484,0x72370,1
5,fixed_pool,1000,5909,169233372.821,0x19c0,1
5,malloc,1000,8312,120307988.450,0x4c82c,1
6,fixed_pool,1000,5398,185253797.703,0x1040,1
6,malloc,1000,8262,121036068.748,0x74d5b,1
6,bump,1000,2003,499251123.315,0x72370,1
7,malloc,1000,8312,120307988.450,0x4d50e,1
7,bump,1000,2043,489476260.401,0x702f0,1
7,fixed_pool,1000,5929,168662506.325,0x1040,1
8,bump,1000,1983,504286434.695,0x702f0,1
8,fixed_pool,1000,5809,172146668.962,0x1040,1
8,malloc,1000,8362,119588615.164,0x4cc17,1
9,fixed_pool,1000,6019,166140554.909,0x19c0,1
9,malloc,1000,8383,119289037.337,0x75e5f,1
9,bump,1000,1963,509424350.484,0x702f0,1
10,malloc,1000,8253,121168060.099,0x745db,1
10,bump,1000,1983,504286434.695,0x72370,1
10,fixed_pool,1000,5949,168095478.232,0x19c0,1
11,bump,1000,2013,496770988.574,0x72370,1
11,fixed_pool,1000,6129,163158753.467,0x19c0,1
11,malloc,1000,8282,120743781.695,0x74809,1
12,fixed_pool,1000,6309,158503724.838,0x1040,1
12,malloc,1000,8463,118161408.484,0x77dee,1
12,bump,1000,2013,496770988.574,0x72370,1
13,malloc,1000,8292,120598166.908,0x764ed,1
13,bump,1000,2023,494315373.208,0x702f0,1
13,fixed_pool,1000,5969,167532249.958,0x1040,1
14,bump,1000,1993,501756146.513,0x702f0,1
14,fixed_pool,1000,5898,169548999.661,0x1040,1
14,malloc,1000,8202,121921482.565,0x76b6c,1
15,fixed_pool,1000,5478,182548375.319,0x19c0,1
15,malloc,1000,8353,119717466.778,0x4c844,1
15,bump,1000,2003,499251123.315,0x702f0,1
16,malloc,1000,8252,121182743.577,0x7419b,1
16,bump,1000,2003,499251123.315,0x72370,1
16,fixed_pool,1000,5638,177367860.944,0x19c0,1
17,bump,1000,1983,504286434.695,0x72370,1
17,fixed_pool,1000,6089,164230579.734,0x19c0,1
17,malloc,1000,8333,120004800.192,0x4c486,1
18,fixed_pool,1000,6179,161838485.192,0x1040,1
18,malloc,1000,15023,66564600.945,0x74357,1
18,bump,1000,1963,509424350.484,0x72370,1
19,malloc,1000,8523,117329578.787,0x74577,1
19,bump,1000,2043,489476260.401,0x702f0,1
19,fixed_pool,1000,5699,175469380.593,0x1040,1
20,bump,1000,2033,491883915.396,0x702f0,1
20,fixed_pool,1000,5408,184911242.604,0x1040,1
20,malloc,1000,8463,118161408.484,0x745db,1
21,fixed_pool,1000,6149,162628069.605,0x19c0,1
21,malloc,1000,8362,119588615.164,0x74551,1
21,bump,1000,1963,509424350.484,0x702f0,1
22,malloc,1000,8342,119875329.657,0x4c8b5,1
22,bump,1000,1993,501756146.513,0x72370,1
22,fixed_pool,1000,5979,167252048.838,0x19c0,1
23,bump,1000,2013,496770988.574,0x72370,1
23,fixed_pool,1000,5969,167532249.958,0x19c0,1
23,malloc,1000,8263,121021420.791,0x4d50e,1
24,fixed_pool,1000,5488,182215743.440,0x1040,1
24,malloc,1000,8272,120889748.549,0x74157,1
24,bump,1000,2263,441891294.741,0x72370,1
25,malloc,1000,8292,120598166.908,0x4d348,1
25,bump,1000,1953,512032770.097,0x702f0,1
25,fixed_pool,1000,5918,168976005.407,0x1040,1
26,bump,1000,1972,507099391.481,0x702f0,1
26,fixed_pool,1000,5989,166972783.436,0x1040,1
26,malloc,1000,8322,120163422.254,0x743f9,1
27,fixed_pool,1000,5788,172771250.864,0x19c0,1
27,malloc,1000,8273,120875135.985,0x75e79,1
27,bump,1000,1993,501756146.513,0x702f0,1
28,malloc,1000,8202,121921482.565,0x741df,1
28,bump,1000,2033,491883915.396,0x72370,1
28,fixed_pool,1000,5829,171556013.038,0x19c0,1
29,bump,1000,2003,499251123.315,0x72370,1
29,fixed_pool,1000,5579,179243592.042,0x19c0,1
29,malloc,1000,8262,121036068.748,0x74b08,1
30,fixed_pool,1000,6150,162601626.016,0x1040,1
30,malloc,1000,8292,120598166.908,0x740ef,1
30,bump,1000,1973,506842372.022,0x72370,1
31,malloc,1000,8342,119875329.657,0x7452b,1
31,bump,1000,2053,487092060.399,0x702f0,1
31,fixed_pool,1000,5939,168378514.901,0x1040,1
32,bump,1000,1953,512032770.097,0x702f0,1
32,fixed_pool,1000,5809,172146668.962,0x1040,1
32,malloc,1000,8212,121773015.100,0x75c5b,1
33,fixed_pool,1000,5958,167841557.570,0x19c0,1
33,malloc,1000,8333,120004800.192,0x74515,1
33,bump,1000,2013,496770988.574,0x702f0,1
34,malloc,1000,8322,120163422.254,0x4c47d,1
34,bump,1000,2003,499251123.315,0x72370,1
34,fixed_pool,1000,6129,163158753.467,0x19c0,1
35,bump,1000,2003,499251123.315,0x72370,1
35,fixed_pool,1000,6149,162628069.605,0x19c0,1
35,malloc,1000,8262,121036068.748,0x4c4c2,1
36,fixed_pool,1000,5518,181225081.551,0x1040,1
36,malloc,1000,8223,121610117.962,0x741df,1
36,bump,1000,1993,501756146.513,0x72370,1
37,malloc,1000,8262,121036068.748,0x4c82c,1
37,bump,1000,1973,506842372.022,0x702f0,1
37,fixed_pool,1000,5919,168947457.341,0x1040,1
38,bump,1000,1983,504286434.695,0x702f0,1
38,fixed_pool,1000,5969,167532249.958,0x1040,1
38,malloc,1000,8333,120004800.192,0x7442b,1
39,fixed_pool,1000,5919,168947457.341,0x19c0,1
39,malloc,1000,8302,120452902.915,0x4c42c,1
39,bump,1000,2033,491883915.396,0x702f0,1
40,malloc,1000,8222,121624908.781,0x74157,1
40,bump,1000,1983,504286434.695,0x72370,1
40,fixed_pool,1000,5948,168123739.072,0x19c0,1
41,bump,1000,1983,504286434.695,0x72370,1
41,fixed_pool,1000,5748,173973556.019,0x19c0,1
41,malloc,1000,8242,121329774.327,0x74e6d,1
42,fixed_pool,1000,5869,170386777.986,0x1040,1
42,malloc,1000,8252,121182743.577,0x74188,1
42,bump,1000,2013,496770988.574,0x72370,1
43,malloc,1000,8252,121182743.577,0x7620e,1
43,bump,1000,2093,477783086.479,0x702f0,1
43,fixed_pool,1000,5618,177999288.003,0x1040,1
44,bump,1000,2013,496770988.574,0x702f0,1
44,fixed_pool,1000,5418,184569952.012,0x1040,1
44,malloc,1000,8192,122070312.500,0x77e5b,1
45,fixed_pool,1000,5869,170386777.986,0x19c0,1
45,malloc,1000,8162,122518990.444,0x777cb,1
45,bump,1000,1973,506842372.022,0x702f0,1
46,malloc,1000,8262,121036068.748,0x740ef,1
46,bump,1000,2003,499251123.315,0x72370,1
46,fixed_pool,1000,6129,163158753.467,0x19c0,1
47,bump,1000,1983,504286434.695,0x72370,1
47,fixed_pool,1000,6109,163692912.097,0x19c0,1
47,malloc,1000,8693,115035085.701,0x7452b,1
48,fixed_pool,1000,5689,175777816.840,0x1040,1
48,malloc,1000,8212,121773015.100,0x75c5b,1
48,bump,1000,1993,501756146.513,0x72370,1
49,malloc,1000,8272,120889748.549,0x74515,1
49,bump,1000,1973,506842372.022,0x702f0,1
49,fixed_pool,1000,6039,165590329.525,0x1040,1
50,bump,1000,1973,506842372.022,0x702f0,1
50,fixed_pool,1000,5959,167813391.509,0x1040,1
50,malloc,1000,8252,121182743.577,0x4c47d,1
51,fixed_pool,1000,5769,173340266.944,0x19c0,1
51,malloc,1000,8252,121182743.577,0x4c4c2,1
51,bump,1000,1983,504286434.695,0x702f0,1
52,malloc,1000,8192,122070312.500,0x741df,1
52,bump,1000,2003,499251123.315,0x72370,1
52,fixed_pool,1000,6029,165864985.901,0x19c0,1
53,bump,1000,2003,499251123.315,0x72370,1
53,fixed_pool,1000,5819,171850833.477,0x19c0,1
53,malloc,1000,8252,121182743.577,0x4c82c,1
54,fixed_pool,1000,5709,175162024.873,0x1040,1
54,malloc,1000,8202,121921482.565,0x7442b,1
54,bump,1000,2033,491883915.396,0x72370,1
55,malloc,1000,8233,121462407.385,0x4c42c,1
55,bump,1000,2033,491883915.396,0x702f0,1
55,fixed_pool,1000,5488,182215743.440,0x1040,1
56,bump,1000,2013,496770988.574,0x702f0,1
56,fixed_pool,1000,5388,185597624.350,0x1040,1
56,malloc,1000,8202,121921482.565,0x74157,1
57,fixed_pool,1000,6169,162100826.714,0x19c0,1
57,malloc,1000,8172,122369065.100,0x74e6d,1
57,bump,1000,1963,509424350.484,0x702f0,1
58,malloc,1000,8222,121624908.781,0x74188,1
58,bump,1000,1983,504286434.695,0x72370,1
58,fixed_pool,1000,5929,168662506.325,0x19c0,1
59,bump,1000,1973,506842372.022,0x72370,1
59,fixed_pool,1000,5948,168123739.072,0x19c0,1
59,malloc,1000,8163,122503981.379,0x7620e,1
60,fixed_pool,1000,5468,182882223.848,0x1040,1
60,malloc,1000,8182,122219506.233,0x77e5b,1
60,bump,1000,2013,496770988.574,0x72370,1
61,malloc,1000,8172,122369065.100,0x777cb,1
61,bump,1000,2053,487092060.399,0x702f0,1
61,fixed_pool,1000,5959,167813391.509,0x1040,1
62,bump,1000,1963,509424350.484,0x702f0,1
62,fixed_pool,1000,6190,161550888.530,0x1040,1
62,malloc,1000,8252,121182743.577,0x740ef,1
63,fixed_pool,1000,5619,177967609.895,0x19c0,1
63,malloc,1000,8202,121921482.565,0x7452b,1
63,bump,1000,1993,501756146.513,0x702f0,1
64,malloc,1000,8172,122369065.100,0x75c5b,1
64,bump,1000,2023,494315373.208,0x72370,1
64,fixed_pool,1000,5868,170415814.588,0x19c0,1
65,bump,1000,1963,509424350.484,0x72370,1
65,fixed_pool,1000,5918,168976005.407,0x19c0,1
65,malloc,1000,8193,122055413.158,0x74515,1
66,fixed_pool,1000,5599,178603322.022,0x1040,1
66,malloc,1000,8162,122518990.444,0x4c47d,1
66,bump,1000,1993,501756146.513,0x72370,1
67,malloc,1000,8252,121182743.577,0x4c4c2,1
67,bump,1000,1983,504286434.695,0x702f0,1
67,fixed_pool,1000,5618,177999288.003,0x1040,1
68,bump,1000,2033,491883915.396,0x702f0,1
68,fixed_pool,1000,5689,175777816.840,0x1040,1
68,malloc,1000,8192,122070312.500,0x741df,1
69,fixed_pool,1000,5999,166694449.075,0x19c0,1
69,malloc,1000,8193,122055413.158,0x4c82c,1
69,bump,1000,1993,501756146.513,0x702f0,1
70,malloc,1000,8232,121477162.293,0x7442b,1
70,bump,1000,1993,501756146.513,0x72370,1
70,fixed_pool,1000,5949,168095478.232,0x19c0,1
71,bump,1000,1983,504286434.695,0x72370,1
71,fixed_pool,1000,5829,171556013.038,0x19c0,1
71,malloc,1000,8212,121773015.100,0x4c42c,1
72,fixed_pool,1000,5408,184911242.604,0x1040,1
72,malloc,1000,8172,122369065.100,0x74157,1
72,bump,1000,1952,512295081.967,0x72370,1
73,malloc,1000,8173,122354092.744,0x74e6d,1
73,bump,1000,1983,504286434.695,0x702f0,1
73,fixed_pool,1000,5839,171262202.432,0x1040,1
74,bump,1000,1972,507099391.481,0x702f0,1
74,fixed_pool,1000,5808,172176308.540,0x1040,1
74,malloc,1000,8213,121758188.238,0x74188,1
75,fixed_pool,1000,5989,166972783.436,0x19c0,1
75,malloc,1000,8172,122369065.100,0x7620e,1
75,bump,1000,2013,496770988.574,0x702f0,1
76,malloc,1000,8182,122219506.233,0x77e5b,1
76,bump,1000,2034,491642084.562,0x72370,1
76,fixed_pool,1000,5949,168095478.232,0x19c0,1
77,bump,1000,1973,506842372.022,0x72370,1
77,fixed_pool,1000,5718,174886323.889,0x19c0,1
77,malloc,1000,8162,122518990.444,0x777cb,1
78,fixed_pool,1000,5979,167252048.838,0x1040,1
78,malloc,1000,8192,122070312.500,0x740ef,1
78,bump,1000,1983,504286434.695,0x72370,1
79,malloc,1000,8162,122518990.444,0x7452b,1
79,bump,1000,2023,494315373.208,0x702f0,1
79,fixed_pool,1000,5658,176740897.844,0x1040,1
80,bump,1000,1993,501756146.513,0x702f0,1
80,fixed_pool,1000,5789,172741406.115,0x1040,1
80,malloc,1000,8142,122819945.959,0x75c5b,1
81,fixed_pool,1000,5899,169520257.671,0x19c0,1
81,malloc,1000,8212,121773015.100,0x74515,1
81,bump,1000,1983,504286434.695,0x702f0,1
82,malloc,1000,8193,122055413.158,0x4c47d,1
82,bump,1000,2013,496770988.574,0x72370,1
82,fixed_pool,1000,5869,170386777.986,0x19c0,1
83,bump,1000,1973,506842372.022,0x72370,1
83,fixed_pool,1000,6039,165590329.525,0x19c0,1
83,malloc,1000,8172,122369065.100,0x4c4c2,1
84,fixed_pool,1000,5578,179275726.067,0x1040,1
84,malloc,1000,8172,122369065.100,0x741df,1
84,bump,1000,2003,499251123.315,0x72370,1
85,malloc,1000,8213,121758188.238,0x4c82c,1
85,bump,1000,2043,489476260.401,0x702f0,1
85,fixed_pool,1000,6029,165864985.901,0x1040,1
86,bump,1000,1983,504286434.695,0x702f0,1
86,fixed_pool,1000,6249,160025604.097,0x1040,1
86,malloc,1000,8183,122204570.451,0x7442b,1
87,fixed_pool,1000,5999,166694449.075,0x19c0,1
87,malloc,1000,8212,121773015.100,0x4c42c,1
87,bump,1000,2013,496770988.574,0x702f0,1
88,malloc,1000,8173,122354092.744,0x74157,1
88,bump,1000,1983,504286434.695,0x72370,1
88,fixed_pool,1000,5999,166694449.075,0x19c0,1
89,bump,1000,1963,509424350.484,0x72370,1
89,fixed_pool,1000,5999,166694449.075,0x19c0,1
89,malloc,1000,8172,122369065.100,0x74e6d,1
90,fixed_pool,1000,5759,173641257.163,0x1040,1
90,malloc,1000,8202,121921482.565,0x74188,1
90,bump,1000,2013,496770988.574,0x72370,1
91,malloc,1000,8182,122219506.233,0x7620e,1
91,bump,1000,1973,506842372.022,0x702f0,1
91,fixed_pool,1000,5718,174886323.889,0x1040,1
92,bump,1000,1973,506842372.022,0x702f0,1
92,fixed_pool,1000,5429,184195984.528,0x1040,1
92,malloc,1000,8192,122070312.500,0x77e5b,1
93,fixed_pool,1000,5759,173641257.163,0x19c0,1
93,malloc,1000,8192,122070312.500,0x777cb,1
93,bump,1000,1963,509424350.484,0x702f0,1
94,malloc,1000,8182,122219506.233,0x740ef,1
94,bump,1000,2053,487092060.399,0x72370,1
94,fixed_pool,1000,5908,169262017.603,0x19c0,1
95,bump,1000,1962,509683995.923,0x72370,1
95,fixed_pool,1000,6369,157010519.705,0x19c0,1
95,malloc,1000,8182,122219506.233,0x7452b,1
96,fixed_pool,1000,5808,172176308.540,0x1040,1
96,malloc,1000,8153,122654237.704,0x75c5b,1
96,bump,1000,1983,504286434.695,0x72370,1
97,malloc,1000,8212,121773015.100,0x74515,1
97,bump,1000,2013,496770988.574,0x702f0,1
97,fixed_pool,1000,6170,162074554.295,0x1040,1
98,bump,1000,1962,509683995.923,0x702f0,1
98,fixed_pool,1000,6189,161576991.436,0x1040,1
98,malloc,1000,8222,121624908.781,0x4c47d,1
99,fixed_pool,1000,6690,149476831.091,0x19c0,1
99,malloc,1000,8232,121477162.293,0x4c4c2,1
99,bump,1000,1983,504286434.695,0x702f0,1
100,malloc,1000,8242,121329774.327,0x741df,1
100,bump,1000,2002,499500499.500,0x72370,1
100,fixed_pool,1000,5939,168378514.901,0x19c0,1
101,bump,1000,1953,512032770.097,0x72370,1
101,fixed_pool,1000,5949,168095478.232,0x19c0,1
101,malloc,1000,8162,122518990.444,0x4c82c,1
102,fixed_pool,1000,6139,162892979.313,0x1040,1
102,malloc,1000,8162,122518990.444,0x7442b,1
102,bump,1000,1983,504286434.695,0x72370,1
103,malloc,1000,8172,122369065.100,0x4c42c,1
103,bump,1000,2033,491883915.396,0x702f0,1
103,fixed_pool,1000,5578,179275726.067,0x1040,1
104,bump,1000,1993,501756146.513,0x702f0,1
104,fixed_pool,1000,5618,177999288.003,0x1040,1
104,malloc,1000,8172,122369065.100,0x74157,1
105,fixed_pool,1000,5929,168662506.325,0x19c0,1
105,malloc,1000,8182,122219506.233,0x74e6d,1
105,bump,1000,1983,504286434.695,0x702f0,1
106,malloc,1000,8212,121773015.100,0x74188,1
106,bump,1000,1973,506842372.022,0x72370,1
106,fixed_pool,1000,5889,169808116.828,0x19c0,1
107,bump,1000,1983,504286434.695,0x72370,1
107,fixed_pool,1000,5559,179888469.149,0x19c0,1
107,malloc,1000,8202,121921482.565,0x7620e,1
108,fixed_pool,1000,5719,174855744.011,0x1040,1
108,malloc,1000,8162,122518990.444,0x77e5b,1
108,bump,1000,2003,499251123.315,0x72370,1
109,malloc,1000,8182,122219506.233,0x777cb,1
109,bump,1000,2003,499251123.315,0x702f0,1
109,fixed_pool,1000,6009,166417041.105,0x1040,1
110,bump,1000,1963,509424350.484,0x702f0,1
110,fixed_pool,1000,5979,167252048.838,0x1040,1
110,malloc,1000,8222,121624908.781,0x740ef,1
111,fixed_pool,1000,6220,160771704.180,0x19c0,1
111,malloc,1000,8172,122369065.100,0x7452b,1
111,bump,1000,1993,501756146.513,0x702f0,1
112,malloc,1000,8202,121921482.565,0x75c5b,1
112,bump,1000,2003,499251123.315,0x72370,1
112,fixed_pool,1000,9475,105540897.098,0x19c0,1
113,bump,1000,1963,509424350.484,0x72370,1
113,fixed_pool,1000,5788,172771250.864,0x19c0,1
113,malloc,1000,8232,121477162.293,0x74515,1
114,fixed_pool,1000,6200,161290322.581,0x1040,1
114,malloc,1000,8182,122219506.233,0x4c47d,1
114,bump,1000,1973,506842372.022,0x72370,1
115,malloc,1000,8182,122219506.233,0x4c4c2,1
115,bump,1000,2053,487092060.399,0x702f0,1
115,fixed_pool,1000,5819,171850833.477,0x1040,1
116,bump,1000,2003,499251123.315,0x702f0,1
116,fixed_pool,1000,5509,181521147.214,0x1040,1
116,malloc,1000,8222,121624908.781,0x741df,1
117,fixed_pool,1000,6310,158478605.388,0x19c0,1
117,malloc,1000,8182,122219506.233,0x4c82c,1
117,bump,1000,2003,499251123.315,0x702f0,1
118,malloc,1000,8242,121329774.327,0x7442b,1
118,bump,1000,2043,489476260.401,0x72370,1
118,fixed_pool,1000,6039,165590329.525,0x19c0,1
119,bump,1000,2013,496770988.574,0x72370,1
119,fixed_pool,1000,5859,170677590.032,0x19c0,1
119,malloc,1000,8192,122070312.500,0x4c42c,1
120,fixed_pool,1000,5408,184911242.604,0x1040,1
120,malloc,1000,8183,122204570.451,0x74157,1
120,bump,1000,2033,491883915.396,0x72370,1
121,malloc,1000,8212,121773015.100,0x74e6d,1
121,bump,1000,1973,506842372.022,0x702f0,1
121,fixed_pool,1000,6129,163158753.467,0x1040,1
122,bump,1000,1983,504286434.695,0x702f0,1
122,fixed_pool,1000,6120,163398692.810,0x1040,1
122,malloc,1000,26730,37411148.522,0x74188,1
123,fixed_pool,1000,6059,165043736.590,0x19c0,1
123,malloc,1000,8192,122070312.500,0x7620e,1
123,bump,1000,2033,491883915.396,0x702f0,1
124,malloc,1000,8202,121921482.565,0x77e5b,1
124,bump,1000,2063,484730974.309,0x72370,1
124,fixed_pool,1000,6239,160282096.490,0x19c0,1
125,bump,1000,2033,491883915.396,0x72370,1
125,fixed_pool,1000,6029,165864985.901,0x19c0,1
125,malloc,1000,8182,122219506.233,0x777cb,1
126,fixed_pool,1000,6059,165043736.590,0x1040,1
126,malloc,1000,8252,121182743.577,0x740ef,1
126,bump,1000,2053,487092060.399,0x72370,1
127,malloc,1000,8182,122219506.233,0x7452b,1
127,bump,1000,2043,489476260.401,0x702f0,1
127,fixed_pool,1000,5768,173370319.001,0x1040,1
128,bump,1000,2063,484730974.309,0x702f0,1
128,fixed_pool,1000,5718,174886323.889,0x1040,1
128,malloc,1000,8162,122518990.444,0x75c5b,1
129,fixed_pool,1000,5809,172146668.962,0x19c0,1
129,malloc,1000,8253,121168060.099,0x74515,1
129,bump,1000,2103,475511174.513,0x702f0,1
130,malloc,1000,8192,122070312.500,0x4c47d,1
130,bump,1000,2063,484730974.309,0x72370,1
130,fixed_pool,1000,6029,165864985.901,0x19c0,1
131,bump,1000,2023,494315373.208,0x72370,1
131,fixed_pool,1000,5749,173943294.486,0x19c0,1
131,malloc,1000,8192,122070312.500,0x4c4c2,1
132,fixed_pool,1000,5678,176118351.532,0x1040,1
132,malloc,1000,8202,121921482.565,0x741df,1
132,bump,1000,2063,484730974.309,0x72370,1
133,malloc,1000,8223,121610117.962,0x4c82c,1
133,bump,1000,2113,473260766.682,0x702f0,1
133,fixed_pool,1000,6089,164230579.734,0x1040,1
134,bump,1000,2043,489476260.401,0x702f0,1
134,fixed_pool,1000,5589,178922884.237,0x1040,1
134,malloc,1000,8172,122369065.100,0x7442b,1
135,fixed_pool,1000,5959,167813391.509,0x19c0,1
135,malloc,1000,8192,122070312.500,0x4c42c,1
135,bump,1000,2023,494315373.208,0x702f0,1
136,malloc,1000,8182,122219506.233,0x74157,1
136,bump,1000,2073,482392667.631,0x72370,1
136,fixed_pool,1000,6079,164500740.253,0x19c0,1
137,bump,1000,2043,489476260.401,0x72370,1
137,fixed_pool,1000,5978,167280026.765,0x19c0,1
137,malloc,1000,8193,122055413.158,0x74e6d,1
138,fixed_pool,1000,6069,164771791.069,0x1040,1
138,malloc,1000,8152,122669283.611,0x74188,1
138,bump,1000,2074,482160077.146,0x72370,1
139,malloc,1000,8203,121906619.529,0x7620e,1
139,bump,1000,2043,489476260.401,0x702f0,1
139,fixed_pool,1000,5658,176740897.844,0x1040,1
140,bump,1000,2064,484496124.031,0x702f0,1
140,fixed_pool,1000,5558,179920834.833,0x1040,1
140,malloc,1000,8182,122219506.233,0x77e5b,1
141,fixed_pool,1000,6019,166140554.909,0x19c0,1
141,malloc,1000,8183,122204570.451,0x777cb,1
141,bump,1000,2063,484730974.309,0x702f0,1
142,malloc,1000,8202,121921482.565,0x740ef,1
142,bump,1000,2073,482392667.631,0x72370,1
142,fixed_pool,1000,6019,166140554.909,0x19c0,1
143,bump,1000,2013,496770988.574,0x72370,1
143,fixed_pool,1000,5618,177999288.003,0x19c0,1
143,malloc,1000,8202,121921482.565,0x7452b,1
144,fixed_pool,1000,5648,177053824.363,0x1040,1
144,malloc,1000,8172,122369065.100,0x75c5b,1
144,bump,1000,2013,496770988.574,0x72370,1
145,malloc,1000,8212,121773015.100,0x74515,1
145,bump,1000,2053,487092060.399,0x702f0,1
145,fixed_pool,1000,5979,167252048.838,0x1040,1
146,bump,1000,2043,489476260.401,0x702f0,1
146,fixed_pool,1000,5859,170677590.032,0x1040,1
146,malloc,1000,8192,122070312.500,0x4c47d,1
147,fixed_pool,1000,5709,175162024.873,0x19c0,1
147,malloc,1000,8142,122819945.959,0x4c4c2,1
147,bump,1000,2043,489476260.401,0x702f0,1
148,malloc,1000,8232,121477162.293,0x741df,1
148,bump,1000,2033,491883915.396,0x72370,1
148,fixed_pool,1000,6019,166140554.909,0x19c0,1
149,bump,1000,2043,489476260.401,0x72370,1
149,fixed_pool,1000,5638,177367860.944,0x19c0,1
149,malloc,1000,8192,122070312.500,0x4c82c,1
150,fixed_pool,1000,6119,163425396.307,0x1040,1
150,malloc,1000,15193,65819785.427,0x7442b,1
150,bump,1000,1983,504286434.695,0x72370,1
151,malloc,1000,8383,119289037.337,0x4c42c,1
151,bump,1000,2003,499251123.315,0x702f0,1
151,fixed_pool,1000,5498,181884321.571,0x1040,1
152,bump,1000,2013,496770988.574,0x702f0,1
152,fixed_pool,1000,5478,182548375.319,0x1040,1
152,malloc,1000,8313,120293516.179,0x74157,1
153,fixed_pool,1000,5788,172771250.864,0x19c0,1
153,malloc,1000,8252,121182743.577,0x74e6d,1
153,bump,1000,2003,499251123.315,0x702f0,1
154,malloc,1000,8272,120889748.549,0x74188,1
154,bump,1000,2043,489476260.401,0x72370,1
154,fixed_pool,1000,5899,169520257.671,0x19c0,1
155,bump,1000,1963,509424350.484,0x72370,1
155,fixed_pool,1000,5929,168662506.325,0x19c0,1
155,malloc,1000,8232,121477162.293,0x7620e,1
156,fixed_pool,1000,5338,187336080.929,0x1040,1
156,malloc,1000,8202,121921482.565,0x77e5b,1
156,bump,1000,1993,501756146.513,0x72370,1
157,malloc,1000,8493,117744024.491,0x777cb,1
157,bump,1000,2024,494071146.245,0x702f0,1
157,fixed_pool,1000,5979,167252048.838,0x1040,1
158,bump,1000,1993,501756146.513,0x702f0,1
158,fixed_pool,1000,6129,163158753.467,0x1040,1
158,malloc,1000,8313,120293516.179,0x740ef,1
159,fixed_pool,1000,6069,164771791.069,0x19c0,1
159,malloc,1000,8313,120293516.179,0x7452b,1
159,bump,1000,1993,501756146.513,0x702f0,1
160,malloc,1000,8332,120019203.072,0x75c5b,1
160,bump,1000,1982,504540867.810,0x72370,1
160,fixed_pool,1000,5879,170096955.265,0x19c0,1
161,bump,1000,1983,504286434.695,0x72370,1
161,fixed_pool,1000,5749,173943294.486,0x19c0,1
161,malloc,1000,8292,120598166.908,0x74515,1
162,fixed_pool,1000,5768,173370319.001,0x1040,1
162,malloc,1000,8363,119574315.437,0x4c47d,1
162,bump,1000,1993,501756146.513,0x72370,1
163,malloc,1000,8283,120729204.395,0x4c4c2,1
163,bump,1000,2003,499251123.315,0x702f0,1
163,fixed_pool,1000,5378,185942729.639,0x1040,1
164,bump,1000,2013,496770988.574,0x702f0,1
164,fixed_pool,1000,5328,187687687.688,0x1040,1
164,malloc,1000,8232,121477162.293,0x741df,1
165,fixed_pool,1000,6109,163692912.097,0x19c0,1
165,malloc,1000,8283,120729204.395,0x4c82c,1
165,bump,1000,2013,496770988.574,0x702f0,1
166,malloc,1000,8322,120163422.254,0x7442b,1
166,bump,1000,1983,504286434.695,0x72370,1
166,fixed_pool,1000,6330,157977883.096,0x19c0,1
167,bump,1000,2003,499251123.315,0x72370,1
167,fixed_pool,1000,5969,167532249.958,0x19c0,1
167,malloc,1000,8282,120743781.695,0x4c42c,1
168,fixed_pool,1000,5488,182215743.440,0x1040,1
168,malloc,1000,8222,121624908.781,0x74157,1
168,bump,1000,1963,509424350.484,0x72370,1
169,malloc,1000,8232,121477162.293,0x74e6d,1
169,bump,1000,1993,501756146.513,0x702f0,1
169,fixed_pool,1000,6129,163158753.467,0x1040,1
170,bump,1000,1983,504286434.695,0x702f0,1
170,fixed_pool,1000,6149,162628069.605,0x1040,1
170,malloc,1000,8253,121168060.099,0x74188,1
171,fixed_pool,1000,6189,161576991.436,0x19c0,1
171,malloc,1000,10216,97885669.538,0x7620e,1
171,bump,1000,1953,512032770.097,0x702f0,1
172,malloc,1000,8152,122669283.611,0x77e5b,1
172,bump,1000,1973,506842372.022,0x72370,1
172,fixed_pool,1000,5778,173070266.528,0x19c0,1
173,bump,1000,1963,509424350.484,0x72370,1
173,fixed_pool,1000,5988,167000668.003,0x19c0,1
173,malloc,1000,8173,122354092.744,0x777cb,1
174,fixed_pool,1000,6119,163425396.307,0x1040,1
174,malloc,1000,8253,121168060.099,0x740ef,1
174,bump,1000,2023,494315373.208,0x72370,1
175,malloc,1000,8242,121329774.327,0x7452b,1
175,bump,1000,2043,489476260.401,0x702f0,1
175,fixed_pool,1000,5658,176740897.844,0x1040,1
176,bump,1000,1993,501756146.513,0x702f0,1
176,fixed_pool,1000,5799,172443524.746,0x1040,1
176,malloc,1000,8182,122219506.233,0x75c5b,1
177,fixed_pool,1000,5989,166972783.436,0x19c0,1
177,malloc,1000,8252,121182743.577,0x74515,1
177,bump,1000,2013,496770988.574,0x702f0,1
178,malloc,1000,8252,121182743.577,0x4c47d,1
178,bump,1000,2023,494315373.208,0x72370,1
178,fixed_pool,1000,6219,160797555.877,0x19c0,1
179,bump,1000,2003,499251123.315,0x72370,1
179,fixed_pool,1000,5889,169808116.828,0x19c0,1
179,malloc,1000,8262,121036068.748,0x4c4c2,1
180,fixed_pool,1000,5268,189825360.668,0x1040,1
180,malloc,1000,8192,122070312.500,0x741df,1
180,bump,1000,2023,494315373.208,0x72370,1
181,malloc,1000,8203,121906619.529,0x4c82c,1
181,bump,1000,1983,504286434.695,0x702f0,1
181,fixed_pool,1000,6299,158755357.993,0x1040,1
182,bump,1000,2013,496770988.574,0x702f0,1
182,fixed_pool,1000,5849,170969396.478,0x1040,1
182,malloc,1000,8273,120875135.985,0x7442b,1
183,fixed_pool,1000,5978,167280026.765,0x19c0,1
183,malloc,1000,8223,121610117.962,0x4c42c,1
183,bump,1000,2033,491883915.396,0x702f0,1
184,malloc,1000,8192,122070312.500,0x74157,1
184,bump,1000,2074,482160077.146,0x72370,1
184,fixed_pool,1000,5748,173973556.019,0x19c0,1
185,bump,1000,2033,491883915.396,0x72370,1
185,fixed_pool,1000,5688,175808720.113,0x19c0,1
185,malloc,1000,8212,121773015.100,0x74e6d,1
186,fixed_pool,1000,5879,170096955.265,0x1040,1
186,malloc,1000,8162,122518990.444,0x74188,1
186,bump,1000,2023,494315373.208,0x72370,1
187,malloc,1000,8133,122955858.847,0x7620e,1
187,bump,1000,2053,487092060.399,0x702f0,1
187,fixed_pool,1000,5618,177999288.003,0x1040,1
188,bump,1000,2034,491642084.562,0x702f0,1
188,fixed_pool,1000,5498,181884321.571,0x1040,1
188,malloc,1000,8142,122819945.959,0x77e5b,1
189,fixed_pool,1000,5768,173370319.001,0x19c0,1
189,malloc,1000,8142,122819945.959,0x777cb,1
189,bump,1000,2053,487092060.399,0x702f0,1
190,malloc,1000,8202,121921482.565,0x740ef,1
190,bump,1000,2023,494315373.208,0x72370,1
190,fixed_pool,1000,5868,170415814.588,0x19c0,1
191,bump,1000,2074,482160077.146,0x72370,1
191,fixed_pool,1000,5899,169520257.671,0x19c0,1
191,malloc,1000,8212,121773015.100,0x7452b,1
192,fixed_pool,1000,5519,181192244.972,0x1040,1
192,malloc,1000,8182,122219506.233,0x75c5b,1
192,bump,1000,2083,480076812.290,0x72370,1
193,malloc,1000,8182,122219506.233,0x74515,1
193,bump,1000,2104,475285171.103,0x702f0,1
193,fixed_pool,1000,6149,162628069.605,0x1040,1
194,bump,1000,2033,491883915.396,0x702f0,1
194,fixed_pool,1000,5969,167532249.958,0x1040,1
194,malloc,1000,8222,121624908.781,0x4c47d,1
195,fixed_pool,1000,5889,169808116.828,0x19c0,1
195,malloc,1000,8192,122070312.500,0x4c4c2,1
195,bump,1000,2053,487092060.399,0x702f0,1
196,malloc,1000,8212,121773015.100,0x741df,1
196,bump,1000,2043,489476260.401,0x72370,1
196,fixed_pool,1000,6169,162100826.714,0x19c0,1
197,bump,1000,2043,489476260.401,0x72370,1
197,fixed_pool,1000,6029,165864985.901,0x19c0,1
197,malloc,1000,8192,122070312.500,0x4c82c,1
198,fixed_pool,1000,5899,169520257.671,0x1040,1
198,malloc,1000,8222,121624908.781,0x7442b,1
198,bump,1000,2053,487092060.399,0x72370,1
199,malloc,1000,12268,81512879.035,0x4c42c,1
199,bump,1000,2003,499251123.315,0x702f0,1
199,fixed_pool,1000,5458,183217295.713,0x1040,1
200,bump,1000,2093,477783086.479,0x702f0,1
200,fixed_pool,1000,5688,175808720.113,0x1040,1
200,malloc,1000,8292,120598166.908,0x74157,1
201,fixed_pool,1000,5798,172473266.644,0x19c0,1
201,malloc,1000,8232,121477162.293,0x74e6d,1
201,bump,1000,2033,491883915.396,0x702f0,1
202,malloc,1000,8222,121624908.781,0x74188,1
202,bump,1000,2023,494315373.208,0x72370,1
202,fixed_pool,1000,5858,170706725.845,0x19c0,1
203,bump,1000,1983,504286434.695,0x72370,1
203,fixed_pool,1000,5978,167280026.765,0x19c0,1
203,malloc,1000,8152,122669283.611,0x7620e,1
204,fixed_pool,1000,5489,182182546.912,0x1040,1
204,malloc,1000,8202,121921482.565,0x77e5b,1
204,bump,1000,1973,506842372.022,0x72370,1
205,malloc,1000,8182,122219506.233,0x777cb,1
205,bump,1000,2013,496770988.574,0x702f0,1
205,fixed_pool,1000,6059,165043736.590,0x1040,1
206,bump,1000,1952,512295081.967,0x702f0,1
206,fixed_pool,1000,6099,163961305.132,0x1040,1
206,malloc,1000,8182,122219506.233,0x740ef,1
207,fixed_pool,1000,5859,170677590.032,0x19c0,1
207,malloc,1000,8213,121758188.238,0x7452b,1
207,bump,1000,1973,506842372.022,0x702f0,1
208,malloc,1000,8202,121921482.565,0x75c5b,1
208,bump,1000,1963,509424350.484,0x72370,1
208,fixed_pool,1000,5699,175469380.593,0x19c0,1
209,bump,1000,1993,501756146.513,0x72370,1
209,fixed_pool,1000,5989,166972783.436,0x19c0,1
209,malloc,1000,8182,122219506.233,0x74515,1
210,fixed_pool,1000,6189,161576991.436,0x1040,1
210,malloc,1000,8182,122219506.233,0x4c47d,1
210,bump,1000,1972,507099391.481,0x72370,1
211,malloc,1000,8203,121906619.529,0x4c4c2,1
211,bump,1000,2053,487092060.399,0x702f0,1
211,fixed_pool,1000,5569,179565451.607,0x1040,1
212,bump,1000,1953,512032770.097,0x702f0,1
212,fixed_pool,1000,5558,179920834.833,0x1040,1
212,malloc,1000,8233,121462407.385,0x741df,1
213,fixed_pool,1000,5629,177651447.859,0x19c0,1
213,malloc,1000,8192,122070312.500,0x4c82c,1
213,bump,1000,1973,506842372.022,0x702f0,1
214,malloc,1000,8212,121773015.100,0x7442b,1
214,bump,1000,1993,501756146.513,0x72370,1
214,fixed_pool,1000,6099,163961305.132,0x19c0,1
215,bump,1000,1973,506842372.022,0x72370,1
215,fixed_pool,1000,6029,165864985.901,0x19c0,1
215,malloc,1000,8223,121610117.962,0x4c42c,1
216,fixed_pool,1000,5428,184229918.939,0x1040,1
216,malloc,1000,8172,122369065.100,0x74157,1
216,bump,1000,1993,501756146.513,0x72370,1
217,malloc,1000,8202,121921482.565,0x74e6d,1
217,bump,1000,2023,494315373.208,0x702f0,1
217,fixed_pool,1000,6129,163158753.467,0x1040,1
218,bump,1000,2033,491883915.396,0x702f0,1
218,fixed_pool,1000,6219,160797555.877,0x1040,1
218,malloc,1000,8262,121036068.748,0x74188,1
219,fixed_pool,1000,5999,166694449.075,0x19c0,1
219,malloc,1000,8182,122219506.233,0x7620e,1
219,bump,1000,1993,501756146.513,0x702f0,1
220,malloc,1000,8132,122970978.849,0x77e5b,1
220,bump,1000,2003,499251123.315,0x72370,1
220,fixed_pool,1000,5858,170706725.845,0x19c0,1
221,bump,1000,2003,499251123.315,0x72370,1
221,fixed_pool,1000,6029,165864985.901,0x19c0,1
221,malloc,1000,8153,122654237.704,0x777cb,1
222,fixed_pool,1000,6019,166140554.909,0x1040,1
222,malloc,1000,8192,122070312.500,0x740ef,1
222,bump,1000,1973,506842372.022,0x72370,1
223,malloc,1000,8182,122219506.233,0x7452b,1
223,bump,1000,1993,501756146.513,0x702f0,1
223,fixed_pool,1000,5969,167532249.958,0x1040,1
224,bump,1000,1983,504286434.695,0x702f0,1
224,fixed_pool,1000,5618,177999288.003,0x1040,1
224,malloc,1000,8182,122219506.233,0x75c5b,1
225,fixed_pool,1000,6099,163961305.132,0x19c0,1
225,malloc,1000,8142,122819945.959,0x74515,1
225,bump,1000,1993,501756146.513,0x702f0,1
226,malloc,1000,8182,122219506.233,0x4c47d,1
226,bump,1000,2013,496770988.574,0x72370,1
226,fixed_pool,1000,5979,167252048.838,0x19c0,1
227,bump,1000,1993,501756146.513,0x72370,1
227,fixed_pool,1000,5868,170415814.588,0x19c0,1
227,malloc,1000,8183,122204570.451,0x4c4c2,1
228,fixed_pool,1000,5649,177022481.855,0x1040,1
228,malloc,1000,8152,122669283.611,0x741df,1
228,bump,1000,2023,494315373.208,0x72370,1
229,malloc,1000,8182,122219506.233,0x4c82c,1
229,bump,1000,2053,487092060.399,0x702f0,1
229,fixed_pool,1000,6370,156985871.272,0x1040,1
230,bump,1000,1993,501756146.513,0x702f0,1
230,fixed_pool,1000,6189,161576991.436,0x1040,1
230,malloc,1000,8233,121462407.385,0x7442b,1
231,fixed_pool,1000,6079,164500740.253,0x19c0,1
231,malloc,1000,8222,121624908.781,0x4c42c,1
231,bump,1000,1973,506842372.022,0x702f0,1
232,malloc,1000,8183,122204570.451,0x74157,1
232,bump,1000,2023,494315373.208,0x72370,1
232,fixed_pool,1000,5909,169233372.821,0x19c0,1
233,bump,1000,1963,509424350.484,0x72370,1
233,fixed_pool,1000,5638,177367860.944,0x19c0,1
233,malloc,1000,8203,121906619.529,0x74e6d,1
234,fixed_pool,1000,6049,165316581.253,0x1040,1
234,malloc,1000,8182,122219506.233,0x74188,1
234,bump,1000,1993,501756146.513,0x72370,1
235,malloc,1000,8162,122518990.444,0x7620e,1
235,bump,1000,2013,496770988.574,0x702f0,1
235,fixed_pool,1000,5598,178635226.867,0x1040,1
236,bump,1000,2023,494315373.208,0x702f0,1
236,fixed_pool,1000,5749,173943294.486,0x1040,1
236,malloc,1000,8142,122819945.959,0x77e5b,1
237,fixed_pool,1000,6210,161030595.813,0x19c0,1
237,malloc,1000,8142,122819945.959,0x777cb,1
237,bump,1000,1943,514668039.115,0x702f0,1
238,malloc,1000,8202,121921482.565,0x740ef,1
238,bump,1000,2003,499251123.315,0x72370,1
238,fixed_pool,1000,5869,170386777.986,0x19c0,1
239,bump,1000,1953,512032770.097,0x72370,1
239,fixed_pool,1000,5909,169233372.821,0x19c0,1
239,malloc,1000,8172,122369065.100,0x7452b,1
240,fixed_pool,1000,5708,175192711.983,0x1040,1
240,malloc,1000,8202,121921482.565,0x75c5b,1
240,bump,1000,2023,494315373.208,0x72370,1
241,malloc,1000,8182,122219506.233,0x74515,1
241,bump,1000,1983,504286434.695,0x702f0,1
241,fixed_pool,1000,6049,165316581.253,0x1040,1
242,bump,1000,1983,504286434.695,0x702f0,1
242,fixed_pool,1000,6109,163692912.097,0x1040,1
242,malloc,1000,8202,121921482.565,0x4c47d,1
243,fixed_pool,1000,5748,173973556.019,0x19c0,1
243,malloc,1000,8223,121610117.962,0x4c4c2,1
243,bump,1000,2013,496770988.574,0x702f0,1
244,malloc,1000,8212,121773015.100,0x741df,1
244,bump,1000,1972,507099391.481,0x72370,1
244,fixed_pool,1000,6019,166140554.909,0x19c0,1
245,bump,1000,1993,501756146.513,0x72370,1
245,fixed_pool,1000,5728,174581005.587,0x19c0,1
245,malloc,1000,8192,122070312.500,0x4c82c,1
246,fixed_pool,1000,5869,170386777.986,0x1040,1
246,malloc,1000,8182,122219506.233,0x7442b,1
246,bump,1000,2013,496770988.574,0x72370,1
247,malloc,1000,8203,121906619.529,0x4c42c,1
247,bump,1000,1993,501756146.513,0x702f0,1
247,fixed_pool,1000,5578,179275726.067,0x1040,1
248,bump,1000,1953,512032770.097,0x702f0,1
248,fixed_pool,1000,5428,184229918.939,0x1040,1
248,malloc,1000,8172,122369065.100,0x74157,1
249,fixed_pool,1000,5979,167252048.838,0x19c0,1
249,malloc,1000,8182,122219506.233,0x74e6d,1
249,bump,1000,1993,501756146.513,0x702f0,1
250,malloc,1000,8173,122354092.744,0x74188,1
250,bump,1000,1993,501756146.513,0x72370,1
250,fixed_pool,1000,5829,171556013.038,0x19c0,1
251,bump,1000,1953,512032770.097,0x72370,1
251,fixed_pool,1000,5718,174886323.889,0x19c0,1
251,malloc,1000,8152,122669283.611,0x7620e,1
252,fixed_pool,1000,5388,185597624.350,0x1040,1
252,malloc,1000,8172,122369065.100,0x77e5b,1
252,bump,1000,1963,509424350.484,0x72370,1
253,malloc,1000,8132,122970978.849,0x777cb,1
253,bump,1000,2003,499251123.315,0x702f0,1
253,fixed_pool,1000,6019,166140554.909,0x1040,1
254,bump,1000,2003,499251123.315,0x702f0,1
254,fixed_pool,1000,5738,174276751.481,0x1040,1
254,malloc,1000,8142,122819945.959,0x740ef,1
255,fixed_pool,1000,6009,166417041.105,0x19c0,1
255,malloc,1000,8212,121773015.100,0x7452b,1
255,bump,1000,2043,489476260.401,0x702f0,1
256,malloc,1000,8172,122369065.100,0x75c5b,1
256,bump,1000,1962,509683995.923,0x72370,1
256,fixed_pool,1000,6109,163692912.097,0x19c0,1
257,bump,1000,1973,506842372.022,0x72370,1
257,fixed_pool,1000,5999,166694449.075,0x19c0,1
257,malloc,1000,8172,122369065.100,0x74515,1
258,fixed_pool,1000,5759,173641257.163,0x1040,1
258,malloc,1000,8192,122070312.500,0x4c47d,1
258,bump,1000,1973,506842372.022,0x72370,1
259,malloc,1000,8192,122070312.500,0x4c4c2,1
259,bump,1000,2003,499251123.315,0x702f0,1
259,fixed_pool,1000,5688,175808720.113,0x1040,1
260,bump,1000,1983,504286434.695,0x702f0,1
260,fixed_pool,1000,5559,179888469.149,0x1040,1
260,malloc,1000,8202,121921482.565,0x741df,1
261,fixed_pool,1000,6079,164500740.253,0x19c0,1
261,malloc,1000,8163,122503981.379,0x4c82c,1
261,bump,1000,1973,506842372.022,0x702f0,1
262,malloc,1000,8242,121329774.327,0x7442b,1
262,bump,1000,2023,494315373.208,0x72370,1
262,fixed_pool,1000,5959,167813391.509,0x19c0,1
263,bump,1000,1993,501756146.513,0x72370,1
263,fixed_pool,1000,5789,172741406.115,0x19c0,1
263,malloc,1000,8172,122369065.100,0x4c42c,1
264,fixed_pool,1000,5378,185942729.639,0x1040,1
264,malloc,1000,8172,122369065.100,0x74157,1
264,bump,1000,1983,504286434.695,0x72370,1
265,malloc,1000,8202,121921482.565,0x74e6d,1
265,bump,1000,2003,499251123.315,0x702f0,1
265,fixed_pool,1000,6059,165043736.590,0x1040,1
266,bump,1000,1952,512295081.967,0x702f0,1
266,fixed_pool,1000,5838,171291538.198,0x1040,1
266,malloc,1000,8203,121906619.529,0x74188,1
267,fixed_pool,1000,6069,164771791.069,0x19c0,1
267,malloc,1000,8182,122219506.233,0x7620e,1
267,bump,1000,1983,504286434.695,0x702f0,1
268,malloc,1000,8122,123122383.649,0x77e5b,1
268,bump,1000,1983,504286434.695,0x72370,1
268,fixed_pool,1000,5708,175192711.983,0x19c0,1
269,bump,1000,1953,512032770.097,0x72370,1
269,fixed_pool,1000,5729,174550532.379,0x19c0,1
269,malloc,1000,8142,122819945.959,0x777cb,1
270,fixed_pool,1000,6069,164771791.069,0x1040,1
270,malloc,1000,8172,122369065.100,0x740ef,1
270,bump,1000,2003,499251123.315,0x72370,1
271,malloc,1000,8183,122204570.451,0x7452b,1
271,bump,1000,2013,496770988.574,0x702f0,1
271,fixed_pool,1000,5769,173340266.944,0x1040,1
272,bump,1000,2043,489476260.401,0x702f0,1
272,fixed_pool,1000,5829,171556013.038,0x1040,1
272,malloc,1000,8172,122369065.100,0x75c5b,1
273,fixed_pool,1000,5818,171880371.262,0x19c0,1
273,malloc,1000,8183,122204570.451,0x74515,1
273,bump,1000,2023,494315373.208,0x702f0,1
274,malloc,1000,8232,121477162.293,0x4c47d,1
274,bump,1000,2003,499251123.315,0x72370,1
274,fixed_pool,1000,5979,167252048.838,0x19c0,1
275,bump,1000,2013,496770988.574,0x72370,1
275,fixed_pool,1000,6119,163425396.307,0x19c0,1
275,malloc,1000,8212,121773015.100,0x4c4c2,1
276,fixed_pool,1000,5368,186289120.715,0x1040,1
276,malloc,1000,8212,121773015.100,0x741df,1
276,bump,1000,2023,494315373.208,0x72370,1
277,malloc,1000,8172,122369065.100,0x4c82c,1
277,bump,1000,2013,496770988.574,0x702f0,1
277,fixed_pool,1000,6179,161838485.192,0x1040,1
278,bump,1000,1973,506842372.022,0x702f0,1
278,fixed_pool,1000,6289,159007791.382,0x1040,1
278,malloc,1000,8253,121168060.099,0x7442b,1
279,fixed_pool,1000,6280,159235668.790,0x19c0,1
279,malloc,1000,8102,123426314.490,0x4c42c,1
279,bump,1000,2023,494315373.208,0x702f0,1
280,malloc,1000,8162,122518990.444,0x74157,1
280,bump,1000,2003,499251123.315,0x72370,1
280,fixed_pool,1000,6300,158730158.730,0x19c0,1
281,bump,1000,2003,499251123.315,0x72370,1
281,fixed_pool,1000,5949,168095478.232,0x19c0,1
281,malloc,1000,8212,121773015.100,0x74e6d,1
282,fixed_pool,1000,6059,165043736.590,0x1040,1
282,malloc,1000,8172,122369065.100,0x74188,1
282,bump,1000,1983,504286434.695,0x72370,1
283,malloc,1000,8162,122518990.444,0x7620e,1
283,bump,1000,2033,491883915.396,0x702f0,1
283,fixed_pool,1000,5728,174581005.587,0x1040,1
284,bump,1000,1993,501756146.513,0x702f0,1
284,fixed_pool,1000,5388,185597624.350,0x1040,1
284,malloc,1000,8183,122204570.451,0x77e5b,1
285,fixed_pool,1000,5759,173641257.163,0x19c0,1
285,malloc,1000,8192,122070312.500,0x777cb,1
285,bump,1000,2033,491883915.396,0x702f0,1
286,malloc,1000,8202,121921482.565,0x740ef,1
286,bump,1000,1973,506842372.022,0x72370,1
286,fixed_pool,1000,5938,168406871.000,0x19c0,1
287,bump,1000,1952,512295081.967,0x72370,1
287,fixed_pool,1000,5938,168406871.000,0x19c0,1
287,malloc,1000,8213,121758188.238,0x7452b,1
288,fixed_pool,1000,5669,176397953.784,0x1040,1
288,malloc,1000,8152,122669283.611,0x75c5b,1
288,bump,1000,1933,517330574.237,0x72370,1
289,malloc,1000,8202,121921482.565,0x74515,1
289,bump,1000,1973,506842372.022,0x702f0,1
289,fixed_pool,1000,5919,168947457.341,0x1040,1
290,bump,1000,1953,512032770.097,0x702f0,1
290,fixed_pool,1000,5879,170096955.265,0x1040,1
290,malloc,1000,8202,121921482.565,0x4c47d,1
291,fixed_pool,1000,6229,160539412.426,0x19c0,1
291,malloc,1000,8172,122369065.100,0x4c4c2,1
291,bump,1000,2003,499251123.315,0x702f0,1
292,malloc,1000,8162,122518990.444,0x741df,1
292,bump,1000,2024,494071146.245,0x72370,1
292,fixed_pool,1000,6139,162892979.313,0x19c0,1
293,bump,1000,1983,504286434.695,0x72370,1
293,fixed_pool,1000,5689,175777816.840,0x19c0,1
293,malloc,1000,8162,122518990.444,0x4c82c,1
294,fixed_pool,1000,6209,161056530.842,0x1040,1
294,malloc,1000,8203,121906619.529,0x7442b,1
294,bump,1000,1993,501756146.513,0x72370,1
295,malloc,1000,8162,122518990.444,0x4c42c,1
295,bump,1000,1983,504286434.695,0x702f0,1
295,fixed_pool,1000,5528,180897250.362,0x1040,1
296,bump,1000,2003,499251123.315,0x702f0,1
296,fixed_pool,1000,5198,192381685.264,0x1040,1
296,malloc,1000,8182,122219506.233,0x74157,1
297,fixed_pool,1000,5898,169548999.661,0x19c0,1
297,malloc,1000,8203,121906619.529,0x74e6d,1
297,bump,1000,2003,499251123.315,0x702f0,1
298,malloc,1000,8222,121624908.781,0x74188,1
298,bump,1000,1983,504286434.695,0x72370,1
298,fixed_pool,1000,6029,165864985.901,0x19c0,1
299,bump,1000,2013,496770988.574,0x72370,1
299,fixed_pool,1000,5949,168095478.232,0x19c0,1
299,malloc,1000,8172,122369065.100,0x7620e,1
300,fixed_pool,1000,5498,181884321.571,0x1040,1
300,malloc,1000,8142,122819945.959,0x77e5b,1
300,bump,1000,1983,504286434.695,0x72370,1
301,malloc,1000,8152,122669283.611,0x777cb,1
301,bump,1000,1973,506842372.022,0x702f0,1
301,fixed_pool,1000,5709,175162024.873,0x1040,1
302,bump,1000,1963,509424350.484,0x702f0,1
302,fixed_pool,1000,6229,160539412.426,0x1040,1
302,malloc,1000,8202,121921482.565,0x740ef,1
303,fixed_pool,1000,6149,162628069.605,0x19c0,1
303,malloc,1000,8212,121773015.100,0x7452b,1
303,bump,1000,2013,496770988.574,0x702f0,1
304,malloc,1000,8172,122369065.100,0x75c5b,1
304,bump,1000,2003,499251123.315,0x72370,1
304,fixed_pool,1000,6059,165043736.590,0x19c0,1
305,bump,1000,1983,504286434.695,0x72370,1
305,fixed_pool,1000,6039,165590329.525,0x19c0,1
305,malloc,1000,8212,121773015.100,0x74515,1
306,fixed_pool,1000,6029,165864985.901,0x1040,1
306,malloc,1000,8172,122369065.100,0x4c47d,1
306,bump,1000,1963,509424350.484,0x72370,1
307,malloc,1000,8192,122070312.500,0x4c4c2,1
307,bump,1000,2043,489476260.401,0x702f0,1
307,fixed_pool,1000,5758,173671413.685,0x1040,1
308,bump,1000,1993,501756146.513,0x702f0,1
308,fixed_pool,1000,5588,178954903.364,0x1040,1
308,malloc,1000,8192,122070312.500,0x741df,1
309,fixed_pool,1000,5948,168123739.072,0x19c0,1
309,malloc,1000,8163,122503981.379,0x4c82c,1
309,bump,1000,1973,506842372.022,0x702f0,1
310,malloc,1000,8212,121773015.100,0x7442b,1
310,bump,1000,2013,496770988.574,0x72370,1
310,fixed_pool,1000,5939,168378514.901,0x19c0,1
311,bump,1000,1983,504286434.695,0x72370,1
311,fixed_pool,1000,5699,175469380.593,0x19c0,1
311,malloc,1000,8222,121624908.781,0x4c42c,1
312,fixed_pool,1000,5559,179888469.149,0x1040,1
312,malloc,1000,8162,122518990.444,0x74157,1
312,bump,1000,2043,489476260.401,0x72370,1
313,malloc,1000,8162,122518990.444,0x74e6d,1
313,bump,1000,1993,501756146.513,0x702f0,1
313,fixed_pool,1000,5939,168378514.901,0x1040,1
314,bump,1000,1962,509683995.923,0x702f0,1
314,fixed_pool,1000,6159,162364020.133,0x1040,1
314,malloc,1000,8212,121773015.100,0x74188,1
315,fixed_pool,1000,5898,169548999.661,0x19c0,1
315,malloc,1000,8172,122369065.100,0x7620e,1
315,bump,1000,1973,506842372.022,0x702f0,1
316,malloc,1000,8152,122669283.611,0x77e5b,1
316,bump,1000,2023,494315373.208,0x72370,1
316,fixed_pool,1000,5889,169808116.828,0x19c0,1
317,bump,1000,1963,509424350.484,0x72370,1
317,fixed_pool,1000,5819,171850833.477,0x19c0,1
317,malloc,1000,8182,122219506.233,0x777cb,1
318,fixed_pool,1000,5989,166972783.436,0x1040,1
318,malloc,1000,8152,122669283.611,0x740ef,1
318,bump,1000,2023,494315373.208,0x72370,1
319,malloc,1000,8783,113856313.333,0x7452b,1
319,bump,1000,2033,491883915.396,0x702f0,1
319,fixed_pool,1000,5678,176118351.532,0x1040,1
320,bump,1000,2023,494315373.208,0x702f0,1
320,fixed_pool,1000,5898,169548999.661,0x1040,1
320,malloc,1000,8203,121906619.529,0x75c5b,1
321,fixed_pool,1000,5999,166694449.075,0x19c0,1
321,malloc,1000,8182,122219506.233,0x74515,1
321,bump,1000,2023,494315373.208,0x702f0,1
322,malloc,1000,8183,122204570.451,0x4c47d,1
322,bump,1000,1983,504286434.695,0x72370,1
322,fixed_pool,1000,5758,173671413.685,0x19c0,1
323,bump,1000,2013,496770988.574,0x72370,1
323,fixed_pool,1000,6079,164500740.253,0x19c0,1
323,malloc,1000,8202,121921482.565,0x4c4c2,1
324,fixed_pool,1000,5228,191277735.272,0x1040,1
324,malloc,1000,8192,122070312.500,0x741df,1
324,bump,1000,3825,261437908.497,0x72370,1
325,malloc,1000,11968,83556149.733,0x4c82c,1
325,bump,1000,1963,509424350.484,0x702f0,1
325,fixed_pool,1000,5988,167000668.003,0x1040,1
326,bump,1000,1982,504540867.810,0x702f0,1
326,fixed_pool,1000,5979,167252048.838,0x1040,1
326,malloc,1000,8272,120889748.549,0x7442b,1
327,fixed_pool,1000,6199,161316341.345,0x19c0,1
327,malloc,1000,8152,122669283.611,0x4c42c,1
327,bump,1000,1973,506842372.022,0x702f0,1
328,malloc,1000,8162,122518990.444,0x74157,1
328,bump,1000,2013,496770988.574,0x72370,1
328,fixed_pool,1000,6049,165316581.253,0x19c0,1
329,bump,1000,1953,512032770.097,0x72370,1
329,fixed_pool,1000,5989,166972783.436,0x19c0,1
329,malloc,1000,8232,121477162.293,0x74e6d,1
330,fixed_pool,1000,5939,168378514.901,0x1040,1
330,malloc,1000,8202,121921482.565,0x74188,1
330,bump,1000,2013,496770988.574,0x72370,1
331,malloc,1000,8152,122669283.611,0x7620e,1
331,bump,1000,2023,494315373.208,0x702f0,1
331,fixed_pool,1000,5708,175192711.983,0x1040,1
332,bump,1000,2003,499251123.315,0x702f0,1
332,fixed_pool,1000,5388,185597624.350,0x1040,1
332,malloc,1000,8162,122518990.444,0x77e5b,1
333,fixed_pool,1000,5959,167813391.509,0x19c0,1
333,malloc,1000,8182,122219506.233,0x777cb,1
333,bump,1000,2043,489476260.401,0x702f0,1
334,malloc,1000,8192,122070312.500,0x740ef,1
334,bump,1000,2063,484730974.309,0x72370,1
334,fixed_pool,1000,5869,170386777.986,0x19c0,1
335,bump,1000,1983,504286434.695,0x72370,1
335,fixed_pool,1000,5748,173973556.019,0x19c0,1
335,malloc,1000,8212,121773015.100,0x7452b,1
336,fixed_pool,1000,5779,173040318.394,0x1040,1
336,malloc,1000,8182,122219506.233,0x75c5b,1
336,bump,1000,2043,489476260.401,0x72370,1
337,malloc,1000,8202,121921482.565,0x74515,1
337,bump,1000,1973,506842372.022,0x702f0,1
337,fixed_pool,1000,5948,168123739.072,0x1040,1
338,bump,1000,1982,504540867.810,0x702f0,1
338,fixed_pool,1000,5768,173370319.001,0x1040,1
338,malloc,1000,8203,121906619.529,0x4c47d,1
339,fixed_pool,1000,6159,162364020.133,0x19c0,1
339,malloc,1000,8202,121921482.565,0x4c4c2,1
339,bump,1000,2003,499251123.315,0x702f0,1
340,malloc,1000,8202,121921482.565,0x741df,1
340,bump,1000,2013,496770988.574,0x72370,1
340,fixed_pool,1000,5889,169808116.828,0x19c0,1
341,bump,1000,1983,504286434.695,0x72370,1
341,fixed_pool,1000,6069,164771791.069,0x19c0,1
341,malloc,1000,8182,122219506.233,0x4c82c,1
342,fixed_pool,1000,6249,160025604.097,0x1040,1
342,malloc,1000,8212,121773015.100,0x7442b,1
342,bump,1000,2234,447627573.859,0x72370,1
343,malloc,1000,8202,121921482.565,0x4c42c,1
343,bump,1000,2013,496770988.574,0x702f0,1
343,fixed_pool,1000,5579,179243592.042,0x1040,1
344,bump,1000,1983,504286434.695,0x702f0,1
344,fixed_pool,1000,5478,182548375.319,0x1040,1
344,malloc,1000,8192,122070312.500,0x74157,1
345,fixed_pool,1000,5839,171262202.432,0x19c0,1
345,malloc,1000,8172,122369065.100,0x74e6d,1
345,bump,1000,1963,509424350.484,0x702f0,1
346,malloc,1000,8212,121773015.100,0x74188,1
346,bump,1000,1983,504286434.695,0x72370,1
346,fixed_pool,1000,6159,162364020.133,0x19c0,1
347,bump,1000,1983,504286434.695,0x72370,1
347,fixed_pool,1000,6049,165316581.253,0x19c0,1
347,malloc,1000,8193,122055413.158,0x7620e,1
348,fixed_pool,1000,5358,186636804.778,0x1040,1
348,malloc,1000,8182,122219506.233,0x77e5b,1
348,bump,1000,1973,506842372.022,0x72370,1
349,malloc,1000,8152,122669283.611,0x777cb,1
349,bump,1000,1973,506842372.022,0x702f0,1
349,fixed_pool,1000,6130,163132137.031,0x1040,1
350,bump,1000,1983,504286434.695,0x702f0,1
350,fixed_pool,1000,6039,165590329.525,0x1040,1
350,malloc,1000,8222,121624908.781,0x740ef,1
351,fixed_pool,1000,6190,161550888.530,0x19c0,1
351,malloc,1000,8182,122219506.233,0x7452b,1
351,bump,1000,1983,504286434.695,0x702f0,1
352,malloc,1000,8172,122369065.100,0x75c5b,1
352,bump,1000,2003,499251123.315,0x72370,1
352,fixed_pool,1000,5949,168095478.232,0x19c0,1
353,bump,1000,2003,499251123.315,0x72370,1
353,fixed_pool,1000,5999,166694449.075,0x19c0,1
353,malloc,1000,8162,122518990.444,0x74515,1
354,fixed_pool,1000,6089,164230579.734,0x1040,1
354,malloc,1000,8232,121477162.293,0x4c47d,1
354,bump,1000,2003,499251123.315,0x72370,1
355,malloc,1000,8152,122669283.611,0x4c4c2,1
355,bump,1000,2003,499251123.315,0x702f0,1
355,fixed_pool,1000,5718,174886323.889,0x1040,1
356,bump,1000,2033,491883915.396,0x702f0,1
356,fixed_pool,1000,5779,173040318.394,0x1040,1
356,malloc,1000,8212,121773015.100,0x741df,1
357,fixed_pool,1000,6049,165316581.253,0x19c0,1
357,malloc,1000,8232,121477162.293,0x4c82c,1
357,bump,1000,2013,496770988.574,0x702f0,1
358,malloc,1000,8202,121921482.565,0x7442b,1
358,bump,1000,2013,496770988.574,0x72370,1
358,fixed_pool,1000,6069,164771791.069,0x19c0,1
359,bump,1000,1973,506842372.022,0x72370,1
359,fixed_pool,1000,6019,166140554.909,0x19c0,1
359,malloc,1000,8242,121329774.327,0x4c42c,1
360,fixed_pool,1000,5569,179565451.607,0x1040,1
360,malloc,1000,8142,122819945.959,0x74157,1
360,bump,1000,1993,501756146.513,0x72370,1
361,malloc,1000,8142,122819945.959,0x74e6d,1
361,bump,1000,2003,499251123.315,0x702f0,1
361,fixed_pool,1000,6079,164500740.253,0x1040,1
362,bump,1000,1983,504286434.695,0x702f0,1
362,fixed_pool,1000,5958,167841557.570,0x1040,1
362,malloc,1000,8213,121758188.238,0x74188,1
363,fixed_pool,1000,5979,167252048.838,0x19c0,1
363,malloc,1000,8182,122219506.233,0x7620e,1
363,bump,1000,2033,491883915.396,0x702f0,1
364,malloc,1000,8142,122819945.959,0x77e5b,1
364,bump,1000,1993,501756146.513,0x72370,1
364,fixed_pool,1000,5829,171556013.038,0x19c0,1
365,bump,1000,1993,501756146.513,0x72370,1
365,fixed_pool,1000,5959,167813391.509,0x19c0,1
365,malloc,1000,8182,122219506.233,0x777cb,1
366,fixed_pool,1000,6049,165316581.253,0x1040,1
366,malloc,1000,8152,122669283.611,0x740ef,1
366,bump,1000,2003,499251123.315,0x72370,1
367,malloc,1000,8142,122819945.959,0x7452b,1
367,bump,1000,1983,504286434.695,0x702f0,1
367,fixed_pool,1000,5709,175162024.873,0x1040,1
368,bump,1000,1983,504286434.695,0x702f0,1
368,fixed_pool,1000,5819,171850833.477,0x1040,1
368,malloc,1000,8162,122518990.444,0x75c5b,1
369,fixed_pool,1000,5979,167252048.838,0x19c0,1
369,malloc,1000,8182,122219506.233,0x74515,1
369,bump,1000,1963,509424350.484,0x702f0,1
370,malloc,1000,8192,122070312.500,0x4c47d,1
370,bump,1000,1983,504286434.695,0x72370,1
370,fixed_pool,1000,5919,168947457.341,0x19c0,1
371,bump,1000,1983,504286434.695,0x72370,1
371,fixed_pool,1000,5729,174550532.379,0x19c0,1
371,malloc,1000,8212,121773015.100,0x4c4c2,1
372,fixed_pool,1000,5569,179565451.607,0x1040,1
372,malloc,1000,8202,121921482.565,0x741df,1
372,bump,1000,2013,496770988.574,0x72370,1
373,malloc,1000,8172,122369065.100,0x4c82c,1
373,bump,1000,2033,491883915.396,0x702f0,1
373,fixed_pool,1000,6239,160282096.490,0x1040,1
374,bump,1000,1983,504286434.695,0x702f0,1
374,fixed_pool,1000,6029,165864985.901,0x1040,1
374,malloc,1000,8192,122070312.500,0x7442b,1
375,fixed_pool,1000,5838,171291538.198,0x19c0,1
375,malloc,1000,8223,121610117.962,0x4c42c,1
375,bump,1000,2003,499251123.315,0x702f0,1
376,malloc,1000,8152,122669283.611,0x74157,1
376,bump,1000,2003,499251123.315,0x72370,1
376,fixed_pool,1000,5829,171556013.038,0x19c0,1
377,bump,1000,1963,509424350.484,0x72370,1
377,fixed_pool,1000,6079,164500740.253,0x19c0,1
377,malloc,1000,8192,122070312.500,0x74e6d,1
378,fixed_pool,1000,6089,164230579.734,0x1040,1
378,malloc,1000,8192,122070312.500,0x74188,1
378,bump,1000,1993,501756146.513,0x72370,1
379,malloc,1000,8162,122518990.444,0x7620e,1
379,bump,1000,2013,496770988.574,0x702f0,1
379,fixed_pool,1000,5739,174246384.388,0x1040,1
380,bump,1000,1963,509424350.484,0x702f0,1
380,fixed_pool,1000,5558,179920834.833,0x1040,1
380,malloc,1000,8172,122369065.100,0x77e5b,1
381,fixed_pool,1000,5709,175162024.873,0x19c0,1
381,malloc,1000,8132,122970978.849,0x777cb,1
381,bump,1000,1983,504286434.695,0x702f0,1
382,malloc,1000,8183,122204570.451,0x740ef,1
382,bump,1000,1983,504286434.695,0x72370,1
382,fixed_pool,1000,5979,167252048.838,0x19c0,1
383,bump,1000,1993,501756146.513,0x72370,1
383,fixed_pool,1000,6089,164230579.734,0x19c0,1
383,malloc,1000,8202,121921482.565,0x7452b,1
384,fixed_pool,1000,5528,180897250.362,0x1040,1
384,malloc,1000,8162,122518990.444,0x75c5b,1
384,bump,1000,1993,501756146.513,0x72370,1
385,malloc,1000,8162,122518990.444,0x74515,1
385,bump,1000,1993,501756146.513,0x702f0,1
385,fixed_pool,1000,5808,172176308.540,0x1040,1
386,bump,1000,1983,504286434.695,0x702f0,1
386,fixed_pool,1000,5979,167252048.838,0x1040,1
386,malloc,1000,8182,122219506.233,0x4c47d,1
387,fixed_pool,1000,6169,162100826.714,0x19c0,1
387,malloc,1000,8212,121773015.100,0x4c4c2,1
387,bump,1000,1972,507099391.481,0x702f0,1
388,malloc,1000,8193,122055413.158,0x741df,1
388,bump,1000,2003,499251123.315,0x72370,1
388,fixed_pool,1000,6069,164771791.069,0x19c0,1
389,bump,1000,1953,512032770.097,0x72370,1
389,fixed_pool,1000,5869,170386777.986,0x19c0,1
389,malloc,1000,8182,122219506.233,0x4c82c,1
390,fixed_pool,1000,5929,168662506.325,0x1040,1
390,malloc,1000,8172,122369065.100,0x7442b,1
390,bump,1000,1983,504286434.695,0x72370,1
391,malloc,1000,8203,121906619.529,0x4c42c,1
391,bump,1000,1983,504286434.695,0x702f0,1
391,fixed_pool,1000,5428,184229918.939,0x1040,1
392,bump,1000,2003,499251123.315,0x702f0,1
392,fixed_pool,1000,5268,189825360.668,0x1040,1
392,malloc,1000,8152,122669283.611,0x74157,1
393,fixed_pool,1000,5949,168095478.232,0x19c0,1
393,malloc,1000,8202,121921482.565,0x74e6d,1
393,bump,1000,2013,496770988.574,0x702f0,1
394,malloc,1000,8212,121773015.100,0x74188,1
394,bump,1000,1993,501756146.513,0x72370,1
394,fixed_pool,1000,5668,176429075.512,0x19c0,1
395,bump,1000,2003,499251123.315,0x72370,1
395,fixed_pool,1000,6109,163692912.097,0x19c0,1
395,malloc,1000,8183,122204570.451,0x7620e,1
396,fixed_pool,1000,5358,186636804.778,0x1040,1
396,malloc,1000,8162,122518990.444,0x77e5b,1
396,bump,1000,2003,499251123.315,0x72370,1
397,malloc,1000,8162,122518990.444,0x777cb,1
397,bump,1000,2033,491883915.396,0x702f0,1
397,fixed_pool,1000,6249,160025604.097,0x1040,1
398,bump,1000,1993,501756146.513,0x702f0,1
398,fixed_pool,1000,6019,166140554.909,0x1040,1
398,malloc,1000,8673,115300357.431,0x740ef,1
399,fixed_pool,1000,6019,166140554.909,0x19c0,1
399,malloc,1000,8212,121773015.100,0x7452b,1
399,bump,1000,2023,494315373.208,0x702f0,1
400,malloc,1000,8162,122518990.444,0x75c5b,1
400,bump,1000,2023,494315373.208,0x72370,1
400,fixed_pool,1000,5878,170125893.161,0x19c0,1
401,bump,1000,2003,499251123.315,0x72370,1
401,fixed_pool,1000,6179,161838485.192,0x19c0,1
401,malloc,1000,8182,122219506.233,0x74515,1
402,fixed_pool,1000,6069,164771791.069,0x1040,1
402,malloc,1000,8183,122204570.451,0x4c47d,1
402,bump,1000,1993,501756146.513,0x72370,1
403,malloc,1000,8182,122219506.233,0x4c4c2,1
403,bump,1000,2074,482160077.146,0x702f0,1
403,fixed_pool,1000,5658,176740897.844,0x1040,1
404,bump,1000,1983,504286434.695,0x702f0,1
404,fixed_pool,1000,5599,178603322.022,0x1040,1
404,malloc,1000,8172,122369065.100,0x741df,1
405,fixed_pool,1000,5908,169262017.603,0x19c0,1
405,malloc,1000,8163,122503981.379,0x4c82c,1
405,bump,1000,1983,504286434.695,0x702f0,1
406,malloc,1000,8242,121329774.327,0x7442b,1
406,bump,1000,1983,504286434.695,0x72370,1
406,fixed_pool,1000,6089,164230579.734,0x19c0,1
407,bump,1000,1973,506842372.022,0x72370,1
407,fixed_pool,1000,5709,175162024.873,0x19c0,1
407,malloc,1000,8172,122369065.100,0x4c42c,1
408,fixed_pool,1000,5468,182882223.848,0x1040,1
408,malloc,1000,8192,122070312.500,0x74157,1
408,bump,1000,2023,494315373.208,0x72370,1
409,malloc,1000,8212,121773015.100,0x74e6d,1
409,bump,1000,2033,491883915.396,0x702f0,1
409,fixed_pool,1000,6039,165590329.525,0x1040,1
410,bump,1000,2003,499251123.315,0x702f0,1
410,fixed_pool,1000,6029,165864985.901,0x1040,1
410,malloc,1000,8182,122219506.233,0x74188,1
411,fixed_pool,1000,5779,173040318.394,0x19c0,1
411,malloc,1000,8122,123122383.649,0x7620e,1
411,bump,1000,1973,506842372.022,0x702f0,1
412,malloc,1000,8182,122219506.233,0x77e5b,1
412,bump,1000,2033,491883915.396,0x72370,1
412,fixed_pool,1000,5709,175162024.873,0x19c0,1
413,bump,1000,1973,506842372.022,0x72370,1
413,fixed_pool,1000,5779,173040318.394,0x19c0,1
413,malloc,1000,8172,122369065.100,0x777cb,1
414,fixed_pool,1000,5829,171556013.038,0x1040,1
414,malloc,1000,8212,121773015.100,0x740ef,1
414,bump,1000,1993,501756146.513,0x72370,1
415,malloc,1000,8212,121773015.100,0x7452b,1
415,bump,1000,2013,496770988.574,0x702f0,1
415,fixed_pool,1000,5949,168095478.232,0x1040,1
416,bump,1000,1993,501756146.513,0x702f0,1
416,fixed_pool,1000,5999,166694449.075,0x1040,1
416,malloc,1000,8142,122819945.959,0x75c5b,1
417,fixed_pool,1000,5719,174855744.011,0x19c0,1
417,malloc,1000,8192,122070312.500,0x74515,1
417,bump,1000,1963,509424350.484,0x702f0,1
418,malloc,1000,8172,122369065.100,0x4c47d,1
418,bump,1000,2003,499251123.315,0x72370,1
418,fixed_pool,1000,5928,168690958.165,0x19c0,1
419,bump,1000,1983,504286434.695,0x72370,1
419,fixed_pool,1000,5809,172146668.962,0x19c0,1
419,malloc,1000,8192,122070312.500,0x4c4c2,1
420,fixed_pool,1000,5608,178316690.442,0x1040,1
420,malloc,1000,8182,122219506.233,0x741df,1
420,bump,1000,2003,499251123.315,0x72370,1
421,malloc,1000,8242,121329774.327,0x4c82c,1
421,bump,1000,2013,496770988.574,0x702f0,1
421,fixed_pool,1000,6149,162628069.605,0x1040,1
422,bump,1000,1993,501756146.513,0x702f0,1
422,fixed_pool,1000,6029,165864985.901,0x1040,1
422,malloc,1000,8172,122369065.100,0x7442b,1
423,fixed_pool,1000,5929,168662506.325,0x19c0,1
423,malloc,1000,8212,121773015.100,0x4c42c,1
423,bump,1000,1993,501756146.513,0x702f0,1
424,malloc,1000,8232,121477162.293,0x74157,1
424,bump,1000,2024,494071146.245,0x72370,1
424,fixed_pool,1000,5969,167532249.958,0x19c0,1
425,bump,1000,1973,506842372.022,0x72370,1
425,fixed_pool,1000,5678,176118351.532,0x19c0,1
425,malloc,1000,8243,121315055.198,0x74e6d,1
426,fixed_pool,1000,5899,169520257.671,0x1040,1
426,malloc,1000,8242,121329774.327,0x74188,1
426,bump,1000,1932,517598343.685,0x72370,1
427,malloc,1000,8153,122654237.704,0x7620e,1
427,bump,1000,2033,491883915.396,0x702f0,1
427,fixed_pool,1000,5548,180245133.381,0x1040,1
428,bump,1000,2003,499251123.315,0x702f0,1
428,fixed_pool,1000,5629,177651447.859,0x1040,1
428,malloc,1000,8172,122369065.100,0x77e5b,1
429,fixed_pool,1000,5829,171556013.038,0x19c0,1
429,malloc,1000,8142,122819945.959,0x777cb,1
429,bump,1000,1983,504286434.695,0x702f0,1
430,malloc,1000,8192,122070312.500,0x740ef,1
430,bump,1000,2003,499251123.315,0x72370,1
430,fixed_pool,1000,6079,164500740.253,0x19c0,1
431,bump,1000,1983,504286434.695,0x72370,1
431,fixed_pool,1000,6179,161838485.192,0x19c0,1
431,malloc,1000,8282,120743781.695,0x7452b,1
432,fixed_pool,1000,5728,174581005.587,0x1040,1
432,malloc,1000,8222,121624908.781,0x75c5b,1
432,bump,1000,2003,499251123.315,0x72370,1
433,malloc,1000,8212,121773015.100,0x74515,1
433,bump,1000,1993,501756146.513,0x702f0,1
433,fixed_pool,1000,6089,164230579.734,0x1040,1
434,bump,1000,1963,509424350.484,0x702f0,1
434,fixed_pool,1000,6280,159235668.790,0x1040,1
434,malloc,1000,8202,121921482.565,0x4c47d,1
435,fixed_pool,1000,6100,163934426.230,0x19c0,1
435,malloc,1000,8192,122070312.500,0x4c4c2,1
435,bump,1000,1993,501756146.513,0x702f0,1
436,malloc,1000,8182,122219506.233,0x741df,1
436,bump,1000,1973,506842372.022,0x72370,1
436,fixed_pool,1000,5988,167000668.003,0x19c0,1
437,bump,1000,1983,504286434.695,0x72370,1
437,fixed_pool,1000,5778,173070266.528,0x19c0,1
437,malloc,1000,8212,121773015.100,0x4c82c,1
438,fixed_pool,1000,5959,167813391.509,0x1040,1
438,malloc,1000,8182,122219506.233,0x7442b,1
438,bump,1000,1943,514668039.115,0x72370,1
439,malloc,1000,8172,122369065.100,0x4c42c,1
439,bump,1000,2023,494315373.208,0x702f0,1
439,fixed_pool,1000,5718,174886323.889,0x1040,1
440,bump,1000,2023,494315373.208,0x702f0,1
440,fixed_pool,1000,5258,190186382.655,0x1040,1
440,malloc,1000,8152,122669283.611,0x74157,1
441,fixed_pool,1000,6099,163961305.132,0x19c0,1
441,malloc,1000,8212,121773015.100,0x74e6d,1
441,bump,1000,1963,509424350.484,0x702f0,1
442,malloc,1000,8232,121477162.293,0x74188,1
442,bump,1000,2023,494315373.208,0x72370,1
442,fixed_pool,1000,6039,165590329.525,0x19c0,1
443,bump,1000,2013,496770988.574,0x72370,1
443,fixed_pool,1000,5989,166972783.436,0x19c0,1
443,malloc,1000,8152,122669283.611,0x7620e,1
444,fixed_pool,1000,5619,177967609.895,0x1040,1
444,malloc,1000,8212,121773015.100,0x77e5b,1
444,bump,1000,2013,496770988.574,0x72370,1
445,malloc,1000,8122,123122383.649,0x777cb,1
445,bump,1000,2023,494315373.208,0x702f0,1
445,fixed_pool,1000,6239,160282096.490,0x1040,1
446,bump,1000,1973,506842372.022,0x702f0,1
446,fixed_pool,1000,6199,161316341.345,0x1040,1
446,malloc,1000,8193,122055413.158,0x740ef,1
447,fixed_pool,1000,6109,163692912.097,0x19c0,1
447,malloc,1000,8152,122669283.611,0x7452b,1
447,bump,1000,1983,504286434.695,0x702f0,1
448,malloc,1000,8173,122354092.744,0x75c5b,1
448,bump,1000,1983,504286434.695,0x72370,1
448,fixed_pool,1000,5979,167252048.838,0x19c0,1
449,bump,1000,1983,504286434.695,0x72370,1
449,fixed_pool,1000,5889,169808116.828,0x19c0,1
449,malloc,1000,8212,121773015.100,0x74515,1
450,fixed_pool,1000,5818,171880371.262,0x1040,1
450,malloc,1000,8182,122219506.233,0x4c47d,1
450,bump,1000,2003,499251123.315,0x72370,1
451,malloc,1000,8182,122219506.233,0x4c4c2,1
451,bump,1000,2033,491883915.396,0x702f0,1
451,fixed_pool,1000,5619,177967609.895,0x1040,1
452,bump,1000,2053,487092060.399,0x702f0,1
452,fixed_pool,1000,5488,182215743.440,0x1040,1
452,malloc,1000,8212,121773015.100,0x741df,1
453,fixed_pool,1000,5959,167813391.509,0x19c0,1
453,malloc,1000,8212,121773015.100,0x4c82c,1
453,bump,1000,1963,509424350.484,0x702f0,1
454,malloc,1000,8202,121921482.565,0x7442b,1
454,bump,1000,1993,501756146.513,0x72370,1
454,fixed_pool,1000,6219,160797555.877,0x19c0,1
455,bump,1000,1973,506842372.022,0x72370,1
455,fixed_pool,1000,6169,162100826.714,0x19c0,1
455,malloc,1000,8222,121624908.781,0x4c42c,1
456,fixed_pool,1000,5658,176740897.844,0x1040,1
456,malloc,1000,8202,121921482.565,0x74157,1
456,bump,1000,2023,494315373.208,0x72370,1
457,malloc,1000,8212,121773015.100,0x74e6d,1
457,bump,1000,2003,499251123.315,0x702f0,1
457,fixed_pool,1000,5939,168378514.901,0x1040,1
458,bump,1000,1973,506842372.022,0x702f0,1
458,fixed_pool,1000,6180,161812297.735,0x1040,1
458,malloc,1000,8192,122070312.500,0x74188,1
459,fixed_pool,1000,6330,157977883.096,0x19c0,1
459,malloc,1000,8152,122669283.611,0x7620e,1
459,bump,1000,2013,496770988.574,0x702f0,1
460,malloc,1000,8122,123122383.649,0x77e5b,1
460,bump,1000,2013,496770988.574,0x72370,1
460,fixed_pool,1000,6009,166417041.105,0x19c0,1
461,bump,1000,1973,506842372.022,0x72370,1
461,fixed_pool,1000,5889,169808116.828,0x19c0,1
461,malloc,1000,8162,122518990.444,0x777cb,1
462,fixed_pool,1000,5939,168378514.901,0x1040,1
462,malloc,1000,8192,122070312.500,0x740ef,1
462,bump,1000,2003,499251123.315,0x72370,1
463,malloc,1000,8192,122070312.500,0x7452b,1
463,bump,1000,2013,496770988.574,0x702f0,1
463,fixed_pool,1000,5898,169548999.661,0x1040,1
464,bump,1000,2003,499251123.315,0x702f0,1
464,fixed_pool,1000,5778,173070266.528,0x1040,1
464,malloc,1000,8213,121758188.238,0x75c5b,1
465,fixed_pool,1000,6179,161838485.192,0x19c0,1
465,malloc,1000,8142,122819945.959,0x74515,1
465,bump,1000,2013,496770988.574,0x702f0,1
466,malloc,1000,8212,121773015.100,0x4c47d,1
466,bump,1000,2043,489476260.401,0x72370,1
466,fixed_pool,1000,6249,160025604.097,0x19c0,1
467,bump,1000,1983,504286434.695,0x72370,1
467,fixed_pool,1000,5738,174276751.481,0x19c0,1
467,malloc,1000,8162,122518990.444,0x4c4c2,1
468,fixed_pool,1000,5568,179597701.149,0x1040,1
468,malloc,1000,8192,122070312.500,0x741df,1
468,bump,1000,2013,496770988.574,0x72370,1
469,malloc,1000,8162,122518990.444,0x4c82c,1
469,bump,1000,2043,489476260.401,0x702f0,1
469,fixed_pool,1000,5949,168095478.232,0x1040,1
470,bump,1000,1963,509424350.484,0x702f0,1
470,fixed_pool,1000,6239,160282096.490,0x1040,1
470,malloc,1000,8183,122204570.451,0x7442b,1
471,fixed_pool,1000,6079,164500740.253,0x19c0,1
471,malloc,1000,8193,122055413.158,0x4c42c,1
471,bump,1000,1943,514668039.115,0x702f0,1
472,malloc,1000,8192,122070312.500,0x74157,1
472,bump,1000,1953,512032770.097,0x72370,1
472,fixed_pool,1000,6049,165316581.253,0x19c0,1
473,bump,1000,1993,501756146.513,0x72370,1
473,fixed_pool,1000,5929,168662506.325,0x19c0,1
473,malloc,1000,8202,121921482.565,0x74e6d,1
474,fixed_pool,1000,5979,167252048.838,0x1040,1
474,malloc,1000,8212,121773015.100,0x74188,1
474,bump,1000,2003,499251123.315,0x72370,1
475,malloc,1000,8152,122669283.611,0x7620e,1
475,bump,1000,2013,496770988.574,0x702f0,1
475,fixed_pool,1000,5548,180245133.381,0x1040,1
476,bump,1000,2023,494315373.208,0x702f0,1
476,fixed_pool,1000,5689,175777816.840,0x1040,1
476,malloc,1000,8142,122819945.959,0x77e5b,1
477,fixed_pool,1000,6039,165590329.525,0x19c0,1
477,malloc,1000,8112,123274161.736,0x777cb,1
477,bump,1000,1962,509683995.923,0x702f0,1
478,malloc,1000,8173,122354092.744,0x740ef,1
478,bump,1000,1983,504286434.695,0x72370,1
478,fixed_pool,1000,5819,171850833.477,0x19c0,1
479,bump,1000,1982,504540867.810,0x72370,1
479,fixed_pool,1000,5728,174581005.587,0x19c0,1
479,malloc,1000,8172,122369065.100,0x7452b,1
480,fixed_pool,1000,5869,170386777.986,0x1040,1
480,malloc,1000,8162,122518990.444,0x75c5b,1
480,bump,1000,1993,501756146.513,0x72370,1
481,malloc,1000,64316,15548230.611,0x74515,1
481,bump,1000,2263,441891294.741,0x702f0,1
481,fixed_pool,1000,6210,161030595.813,0x1040,1
482,bump,1000,2243,445831475.702,0x702f0,1
482,fixed_pool,1000,6039,165590329.525,0x1040,1
482,malloc,1000,8353,119717466.778,0x4c47d,1
483,fixed_pool,1000,6280,159235668.790,0x19c0,1
483,malloc,1000,8192,122070312.500,0x4c4c2,1
483,bump,1000,2223,449842555.106,0x702f0,1
484,malloc,1000,8233,121462407.385,0x741df,1
484,bump,1000,2073,482392667.631,0x72370,1
484,fixed_pool,1000,5849,170969396.478,0x19c0,1
485,bump,1000,2043,489476260.401,0x72370,1
485,fixed_pool,1000,5799,172443524.746,0x19c0,1
485,malloc,1000,8192,122070312.500,0x4c82c,1
486,fixed_pool,1000,6109,163692912.097,0x1040,1
486,malloc,1000,8212,121773015.100,0x7442b,1
486,bump,1000,2053,487092060.399,0x72370,1
487,malloc,1000,8223,121610117.962,0x4c42c,1
487,bump,1000,2103,475511174.513,0x702f0,1
487,fixed_pool,1000,5509,181521147.214,0x1040,1
488,bump,1000,2043,489476260.401,0x702f0,1
488,fixed_pool,1000,5508,181554103.123,0x1040,1
488,malloc,1000,8182,122219506.233,0x74157,1
489,fixed_pool,1000,6109,163692912.097,0x19c0,1
489,malloc,1000,8202,121921482.565,0x74e6d,1
489,bump,1000,2043,489476260.401,0x702f0,1
490,malloc,1000,8142,122819945.959,0x74188,1
490,bump,1000,2084,479846449.136,0x72370,1
490,fixed_pool,1000,6039,165590329.525,0x19c0,1
491,bump,1000,2063,484730974.309,0x72370,1
491,fixed_pool,1000,5869,170386777.986,0x19c0,1
491,malloc,1000,8172,122369065.100,0x7620e,1
492,fixed_pool,1000,5499,181851245.681,0x1040,1
492,malloc,1000,8162,122518990.444,0x77e5b,1
492,bump,1000,2023,494315373.208,0x72370,1
493,malloc,1000,8172,122369065.100,0x777cb,1
493,bump,1000,2083,480076812.290,0x702f0,1
493,fixed_pool,1000,6129,163158753.467,0x1040,1
494,bump,1000,2023,494315373.208,0x702f0,1
494,fixed_pool,1000,6089,164230579.734,0x1040,1
494,malloc,1000,8242,121329774.327,0x740ef,1
495,fixed_pool,1000,6219,160797555.877,0x19c0,1
495,malloc,1000,8162,122518990.444,0x7452b,1
495,bump,1000,2073,482392667.631,0x702f0,1
496,malloc,1000,8172,122369065.100,0x75c5b,1
496,bump,1000,2023,494315373.208,0x72370,1
496,fixed_pool,1000,6069,164771791.069,0x19c0,1
497,bump,1000,1973,506842372.022,0x72370,1
497,fixed_pool,1000,5838,171291538.198,0x19c0,1
497,malloc,1000,8343,119860961.285,0x74515,1
498,fixed_pool,1000,6150,162601626.016,0x1040,1
498,malloc,1000,8202,121921482.565,0x4c47d,1
498,bump,1000,2003,499251123.315,0x72370,1
499,malloc,1000,9634,103799045.049,0x4c4c2,1
499,bump,1000,2023,494315373.208,0x702f0,1
499,fixed_pool,1000,5899,169520257.671,0x1040,1
500,bump,1000,2003,499251123.315,0x702f0,1
500,fixed_pool,1000,5578,179275726.067,0x1040,1
500,malloc,1000,8243,121315055.198,0x741df,1
501,fixed_pool,1000,5879,170096955.265,0x19c0,1
501,malloc,1000,8232,121477162.293,0x4c82c,1
501,bump,1000,2003,499251123.315,0x702f0,1
502,malloc,1000,8193,122055413.158,0x7442b,1
502,bump,1000,1993,501756146.513,0x72370,1
502,fixed_pool,1000,6009,166417041.105,0x19c0,1
503,bump,1000,1953,512032770.097,0x72370,1
503,fixed_pool,1000,5749,173943294.486,0x19c0,1
503,malloc,1000,8242,121329774.327,0x4c42c,1
504,fixed_pool,1000,5408,184911242.604,0x1040,1
504,malloc,1000,8442,118455342.336,0x74157,1
504,bump,1000,2003,499251123.315,0x72370,1
505,malloc,1000,8152,122669283.611,0x74e6d,1
505,bump,1000,1983,504286434.695,0x702f0,1
505,fixed_pool,1000,5838,171291538.198,0x1040,1
506,bump,1000,1953,512032770.097,0x702f0,1
506,fixed_pool,1000,5949,168095478.232,0x1040,1
506,malloc,1000,8202,121921482.565,0x74188,1
507,fixed_pool,1000,6279,159261028.826,0x19c0,1
507,malloc,1000,8142,122819945.959,0x7620e,1
507,bump,1000,1963,509424350.484,0x702f0,1
508,malloc,1000,8162,122518990.444,0x77e5b,1
508,bump,1000,2023,494315373.208,0x72370,1
508,fixed_pool,1000,6009,166417041.105,0x19c0,1
509,bump,1000,2003,499251123.315,0x72370,1
509,fixed_pool,1000,5668,176429075.512,0x19c0,1
509,malloc,1000,8162,122518990.444,0x777cb,1
510,fixed_pool,1000,5828,171585449.554,0x1040,1
510,malloc,1000,8193,122055413.158,0x740ef,1
510,bump,1000,1973,506842372.022,0x72370,1
511,malloc,1000,8182,122219506.233,0x7452b,1
511,bump,1000,1993,501756146.513,0x702f0,1
511,fixed_pool,1000,5868,170415814.588,0x1040,1
512,bump,1000,1973,506842372.022,0x702f0,1
512,fixed_pool,1000,5788,172771250.864,0x1040,1
512,malloc,1000,8182,122219506.233,0x75c5b,1
513,fixed_pool,1000,5859,170677590.032,0x19c0,1
513,malloc,1000,8182,122219506.233,0x74515,1
513,bump,1000,1983,504286434.695,0x702f0,1
514,malloc,1000,8212,121773015.100,0x4c47d,1
514,bump,1000,2033,491883915.396,0x72370,1
514,fixed_pool,1000,5929,168662506.325,0x19c0,1
515,bump,1000,2013,496770988.574,0x72370,1
515,fixed_pool,1000,5789,172741406.115,0x19c0,1
515,malloc,1000,8252,121182743.577,0x4c4c2,1
516,fixed_pool,1000,5408,184911242.604,0x1040,1
516,malloc,1000,8162,122518990.444,0x741df,1
516,bump,1000,1993,501756146.513,0x72370,1
517,malloc,1000,8162,122518990.444,0x4c82c,1
517,bump,1000,2003,499251123.315,0x702f0,1
517,fixed_pool,1000,6170,162074554.295,0x1040,1
518,bump,1000,1983,504286434.695,0x702f0,1
518,fixed_pool,1000,5929,168662506.325,0x1040,1
518,malloc,1000,8192,122070312.500,0x7442b,1
519,fixed_pool,1000,5879,170096955.265,0x19c0,1
519,malloc,1000,8172,122369065.100,0x4c42c,1
519,bump,1000,1973,506842372.022,0x702f0,1
520,malloc,1000,8172,122369065.100,0x74157,1
520,bump,1000,2043,489476260.401,0x72370,1
520,fixed_pool,1000,6109,163692912.097,0x19c0,1
521,bump,1000,1963,509424350.484,0x72370,1
521,fixed_pool,1000,5919,168947457.341,0x19c0,1
521,malloc,1000,8192,122070312.500,0x74e6d,1
522,fixed_pool,1000,5979,167252048.838,0x1040,1
522,malloc,1000,8172,122369065.100,0x74188,1
522,bump,1000,1993,501756146.513,0x72370,1
523,malloc,1000,8152,122669283.611,0x7620e,1
523,bump,1000,2013,496770988.574,0x702f0,1
523,fixed_pool,1000,5298,188750471.876,0x1040,1
524,bump,1000,1973,506842372.022,0x702f0,1
524,fixed_pool,1000,5608,178316690.442,0x1040,1
524,malloc,1000,8152,122669283.611,0x77e5b,1
525,fixed_pool,1000,5879,170096955.265,0x19c0,1
525,malloc,1000,8192,122070312.500,0x777cb,1
525,bump,1000,1973,506842372.022,0x702f0,1
526,malloc,1000,8222,121624908.781,0x740ef,1
526,bump,1000,1993,501756146.513,0x72370,1
526,fixed_pool,1000,5858,170706725.845,0x19c0,1
527,bump,1000,1983,504286434.695,0x72370,1
527,fixed_pool,1000,6019,166140554.909,0x19c0,1
527,malloc,1000,8193,122055413.158,0x7452b,1
528,fixed_pool,1000,5538,180570603.106,0x1040,1
528,malloc,1000,8173,122354092.744,0x75c5b,1
528,bump,1000,2023,494315373.208,0x72370,1
529,malloc,1000,8222,121624908.781,0x74515,1
529,bump,1000,2003,499251123.315,0x702f0,1
529,fixed_pool,1000,5929,168662506.325,0x1040,1
530,bump,1000,1973,506842372.022,0x702f0,1
530,fixed_pool,1000,5949,168095478.232,0x1040,1
530,malloc,1000,8252,121182743.577,0x4c47d,1
531,fixed_pool,1000,6159,162364020.133,0x19c0,1
531,malloc,1000,8202,121921482.565,0x4c4c2,1
531,bump,1000,1973,506842372.022,0x702f0,1
532,malloc,1000,8152,122669283.611,0x741df,1
532,bump,1000,2013,496770988.574,0x72370,1
532,fixed_pool,1000,6149,162628069.605,0x19c0,1
533,bump,1000,1983,504286434.695,0x72370,1
533,fixed_pool,1000,5989,166972783.436,0x19c0,1
533,malloc,1000,8192,122070312.500,0x4c82c,1
534,fixed_pool,1000,5999,166694449.075,0x1040,1
534,malloc,1000,8522,117343346.632,0x7442b,1
534,bump,1000,1982,504540867.810,0x72370,1
535,malloc,1000,8353,119717466.778,0x4c42c,1
535,bump,1000,2013,496770988.574,0x702f0,1
535,fixed_pool,1000,5539,180538003.250,0x1040,1
536,bump,1000,1993,501756146.513,0x702f0,1
536,fixed_pool,1000,5548,180245133.381,0x1040,1
536,malloc,1000,8252,121182743.577,0x74157,1
537,fixed_pool,1000,6029,165864985.901,0x19c0,1
537,malloc,1000,8232,121477162.293,0x74e6d,1
537,bump,1000,1952,512295081.967,0x702f0,1
538,malloc,1000,8273,120875135.985,0x74188,1
538,bump,1000,1993,501756146.513,0x72370,1
538,fixed_pool,1000,5979,167252048.838,0x19c0,1
539,bump,1000,1983,504286434.695,0x72370,1
539,fixed_pool,1000,5669,176397953.784,0x19c0,1
539,malloc,1000,8243,121315055.198,0x7620e,1
540,fixed_pool,1000,5098,196155355.041,0x1040,1
540,malloc,1000,8182,122219506.233,0x77e5b,1
540,bump,1000,1993,501756146.513,0x72370,1
541,malloc,1000,8163,122503981.379,0x777cb,1
541,bump,1000,2003,499251123.315,0x702f0,1
541,fixed_pool,1000,6289,159007791.382,0x1040,1
542,bump,1000,1983,504286434.695,0x702f0,1
542,fixed_pool,1000,6269,159515074.175,0x1040,1
542,malloc,1000,8172,122369065.100,0x740ef,1
543,fixed_pool,1000,5738,174276751.481,0x19c0,1
543,malloc,1000,8262,121036068.748,0x7452b,1
543,bump,1000,1962,509683995.923,0x702f0,1
544,malloc,1000,8242,121329774.327,0x75c5b,1
544,bump,1000,1973,506842372.022,0x72370,1
544,fixed_pool,1000,5829,171556013.038,0x19c0,1
545,bump,1000,1983,504286434.695,0x72370,1
545,fixed_pool,1000,5949,168095478.232,0x19c0,1
545,malloc,1000,8252,121182743.577,0x74515,1
546,fixed_pool,1000,6149,162628069.605,0x1040,1
546,malloc,1000,8322,120163422.254,0x4c47d,1
546,bump,1000,2003,499251123.315,0x72370,1
547,malloc,1000,8273,120875135.985,0x4c4c2,1
547,bump,1000,2023,494315373.208,0x702f0,1
547,fixed_pool,1000,5298,188750471.876,0x1040,1
548,bump,1000,1973,506842372.022,0x702f0,1
548,fixed_pool,1000,5789,172741406.115,0x1040,1
548,malloc,1000,8252,121182743.577,0x741df,1
549,fixed_pool,1000,5928,168690958.165,0x19c0,1
549,malloc,1000,8252,121182743.577,0x4c82c,1
549,bump,1000,1953,512032770.097,0x702f0,1
550,malloc,1000,8302,120452902.915,0x7442b,1
550,bump,1000,1983,504286434.695,0x72370,1
550,fixed_pool,1000,5999,166694449.075,0x19c0,1
551,bump,1000,1993,501756146.513,0x72370,1
551,fixed_pool,1000,5778,173070266.528,0x19c0,1
551,malloc,1000,8262,121036068.748,0x4c42c,1
552,fixed_pool,1000,5368,186289120.715,0x1040,1
552,malloc,1000,8202,121921482.565,0x74157,1
552,bump,1000,1963,509424350.484,0x72370,1
553,malloc,1000,8212,121773015.100,0x74e6d,1
553,bump,1000,1993,501756146.513,0x702f0,1
553,fixed_pool,1000,6229,160539412.426,0x1040,1
554,bump,1000,1993,501756146.513,0x702f0,1
554,fixed_pool,1000,5939,168378514.901,0x1040,1
554,malloc,1000,8202,121921482.565,0x74188,1
555,fixed_pool,1000,5758,173671413.685,0x19c0,1
555,malloc,1000,8193,122055413.158,0x7620e,1
555,bump,1000,2003,499251123.315,0x702f0,1
556,malloc,1000,8172,122369065.100,0x77e5b,1
556,bump,1000,1983,504286434.695,0x72370,1
556,fixed_pool,1000,6049,165316581.253,0x19c0,1
557,bump,1000,1993,501756146.513,0x72370,1
557,fixed_pool,1000,6069,164771791.069,0x19c0,1
557,malloc,1000,8152,122669283.611,0x777cb,1
558,fixed_pool,1000,5919,168947457.341,0x1040,1
558,malloc,1000,8272,120889748.549,0x740ef,1
558,bump,1000,1993,501756146.513,0x72370,1
559,malloc,1000,8212,121773015.100,0x7452b,1
559,bump,1000,2013,496770988.574,0x702f0,1
559,fixed_pool,1000,6019,166140554.909,0x1040,1
560,bump,1000,1993,501756146.513,0x702f0,1
560,fixed_pool,1000,5718,174886323.889,0x1040,1
560,malloc,1000,8182,122219506.233,0x75c5b,1
561,fixed_pool,1000,5948,168123739.072,0x19c0,1
561,malloc,1000,8212,121773015.100,0x74515,1
561,bump,1000,1973,506842372.022,0x702f0,1
562,malloc,1000,8222,121624908.781,0x4c47d,1
562,bump,1000,2013,496770988.574,0x72370,1
562,fixed_pool,1000,5848,170998632.011,0x19c0,1
563,bump,1000,1993,501756146.513,0x72370,1
563,fixed_pool,1000,6009,166417041.105,0x19c0,1
563,malloc,1000,8233,121462407.385,0x4c4c2,1
564,fixed_pool,1000,5608,178316690.442,0x1040,1
564,malloc,1000,8183,122204570.451,0x741df,1
564,bump,1000,2003,499251123.315,0x72370,1
565,malloc,1000,8222,121624908.781,0x4c82c,1
565,bump,1000,2023,494315373.208,0x702f0,1
565,fixed_pool,1000,6229,160539412.426,0x1040,1
566,bump,1000,1983,504286434.695,0x702f0,1
566,fixed_pool,1000,6089,164230579.734,0x1040,1
566,malloc,1000,8182,122219506.233,0x7442b,1
567,fixed_pool,1000,5709,175162024.873,0x19c0,1
567,malloc,1000,8212,121773015.100,0x4c42c,1
567,bump,1000,1973,506842372.022,0x702f0,1
568,malloc,1000,8152,122669283.611,0x74157,1
568,bump,1000,1963,509424350.484,0x72370,1
568,fixed_pool,1000,5738,174276751.481,0x19c0,1
569,bump,1000,1963,509424350.484,0x72370,1
569,fixed_pool,1000,5769,173340266.944,0x19c0,1
569,malloc,1000,8162,122518990.444,0x74e6d,1
570,fixed_pool,1000,5899,169520257.671,0x1040,1
570,malloc,1000,8182,122219506.233,0x74188,1
570,bump,1000,2013,496770988.574,0x72370,1
571,malloc,1000,8152,122669283.611,0x7620e,1
571,bump,1000,2003,499251123.315,0x702f0,1
571,fixed_pool,1000,5588,178954903.364,0x1040,1
572,bump,1000,2003,499251123.315,0x702f0,1
572,fixed_pool,1000,5549,180212650.928,0x1040,1
572,malloc,1000,8162,122518990.444,0x77e5b,1
573,fixed_pool,1000,6059,165043736.590,0x19c0,1
573,malloc,1000,8173,122354092.744,0x777cb,1
573,bump,1000,2013,496770988.574,0x702f0,1
574,malloc,1000,8192,122070312.500,0x740ef,1
574,bump,1000,2073,482392667.631,0x72370,1
574,fixed_pool,1000,6159,162364020.133,0x19c0,1
575,bump,1000,1943,514668039.115,0x72370,1
575,fixed_pool,1000,5818,171880371.262,0x19c0,1
575,malloc,1000,8223,121610117.962,0x7452b,1
576,fixed_pool,1000,5849,170969396.478,0x1040,1
576,malloc,1000,8202,121921482.565,0x75c5b,1
576,bump,1000,2033,491883915.396,0x72370,1
577,malloc,1000,8192,122070312.500,0x74515,1
577,bump,1000,2003,499251123.315,0x702f0,1
577,fixed_pool,1000,6199,161316341.345,0x1040,1
578,bump,1000,1943,514668039.115,0x702f0,1
578,fixed_pool,1000,5749,173943294.486,0x1040,1
578,malloc,1000,8202,121921482.565,0x4c47d,1
579,fixed_pool,1000,6009,166417041.105,0x19c0,1
579,malloc,1000,8182,122219506.233,0x4c4c2,1
579,bump,1000,1963,509424350.484,0x702f0,1
580,malloc,1000,8162,122518990.444,0x741df,1
580,bump,1000,2003,499251123.315,0x72370,1
580,fixed_pool,1000,5929,168662506.325,0x19c0,1
581,bump,1000,1973,506842372.022,0x72370,1
581,fixed_pool,1000,5669,176397953.784,0x19c0,1
581,malloc,1000,8152,122669283.611,0x4c82c,1
582,fixed_pool,1000,5739,174246384.388,0x1040,1
582,malloc,1000,8202,121921482.565,0x7442b,1
582,bump,1000,2003,499251123.315,0x72370,1
583,malloc,1000,8182,122219506.233,0x4c42c,1
583,bump,1000,2003,499251123.315,0x702f0,1
583,fixed_pool,1000,5509,181521147.214,0x1040,1
584,bump,1000,1993,501756146.513,0x702f0,1
584,fixed_pool,1000,5578,179275726.067,0x1040,1
584,malloc,1000,8182,122219506.233,0x74157,1
585,fixed_pool,1000,5658,176740897.844,0x19c0,1
585,malloc,1000,8172,122369065.100,0x74e6d,1
585,bump,1000,1993,501756146.513,0x702f0,1
586,malloc,1000,8272,120889748.549,0x74188,1
586,bump,1000,2003,499251123.315,0x72370,1
586,fixed_pool,1000,6069,164771791.069,0x19c0,1
587,bump,1000,1963,509424350.484,0x72370,1
587,fixed_pool,1000,5708,175192711.983,0x19c0,1
587,malloc,1000,8213,121758188.238,0x7620e,1
588,fixed_pool,1000,5749,173943294.486,0x1040,1
588,malloc,1000,8143,122804863.073,0x77e5b,1
588,bump,1000,1983,504286434.695,0x72370,1
589,malloc,1000,8162,122518990.444,0x777cb,1
589,bump,1000,1983,504286434.695,0x702f0,1
589,fixed_pool,1000,6229,160539412.426,0x1040,1
590,bump,1000,1993,501756146.513,0x702f0,1
590,fixed_pool,1000,5888,169836956.522,0x1040,1
590,malloc,1000,8182,122219506.233,0x740ef,1
591,fixed_pool,1000,5959,167813391.509,0x19c0,1
591,malloc,1000,8232,121477162.293,0x7452b,1
591,bump,1000,1973,506842372.022,0x702f0,1
592,malloc,1000,8192,122070312.500,0x75c5b,1
592,bump,1000,2023,494315373.208,0x72370,1
592,fixed_pool,1000,6029,165864985.901,0x19c0,1
593,bump,1000,1932,517598343.685,0x72370,1
593,fixed_pool,1000,5878,170125893.161,0x19c0,1
593,malloc,1000,8183,122204570.451,0x74515,1
594,fixed_pool,1000,5699,175469380.593,0x1040,1
594,malloc,1000,8182,122219506.233,0x4c47d,1
594,bump,1000,1983,504286434.695,0x72370,1
595,malloc,1000,8212,121773015.100,0x4c4c2,1
595,bump,1000,2033,491883915.396,0x702f0,1
595,fixed_pool,1000,5608,178316690.442,0x1040,1
596,bump,1000,1973,506842372.022,0x702f0,1
596,fixed_pool,1000,5378,185942729.639,0x1040,1
596,malloc,1000,8252,121182743.577,0x741df,1
597,fixed_pool,1000,5899,169520257.671,0x19c0,1
597,malloc,1000,8222,121624908.781,0x4c82c,1
597,bump,1000,1983,504286434.695,0x702f0,1
598,malloc,1000,8262,121036068.748,0x7442b,1
598,bump,1000,2003,499251123.315,0x72370,1
598,fixed_pool,1000,6049,165316581.253,0x19c0,1
599,bump,1000,1982,504540867.810,0x72370,1
599,fixed_pool,1000,6119,163425396.307,0x19c0,1
599,malloc,1000,8232,121477162.293,0x4c42c,1
600,fixed_pool,1000,5337,187371182.312,0x1040,1
600,malloc,1000,8162,122518990.444,0x74157,1
600,bump,1000,1983,504286434.695,0x72370,1
601,malloc,1000,8192,122070312.500,0x74e6d,1
601,bump,1000,2023,494315373.208,0x702f0,1
601,fixed_pool,1000,5979,167252048.838,0x1040,1
602,bump,1000,2003,499251123.315,0x702f0,1
602,fixed_pool,1000,6240,160256410.256,0x1040,1
602,malloc,1000,8202,121921482.565,0x74188,1
603,fixed_pool,1000,6049,165316581.253,0x19c0,1
603,malloc,1000,8162,122518990.444,0x7620e,1
603,bump,1000,2044,489236790.607,0x702f0,1
604,malloc,1000,8183,122204570.451,0x77e5b,1
604,bump,1000,2023,494315373.208,0x72370,1
604,fixed_pool,1000,5868,170415814.588,0x19c0,1
605,bump,1000,1983,504286434.695,0x72370,1
605,fixed_pool,1000,5868,170415814.588,0x19c0,1
605,malloc,1000,8343,119860961.285,0x777cb,1
606,fixed_pool,1000,5978,167280026.765,0x1040,1
606,malloc,1000,8182,122219506.233,0x740ef,1
606,bump,1000,2003,499251123.315,0x72370,1
607,malloc,1000,8182,122219506.233,0x7452b,1
607,bump,1000,2033,491883915.396,0x702f0,1
607,fixed_pool,1000,5689,175777816.840,0x1040,1
608,bump,1000,1983,504286434.695,0x702f0,1
608,fixed_pool,1000,5959,167813391.509,0x1040,1
608,malloc,1000,8142,122819945.959,0x75c5b,1
609,fixed_pool,1000,5948,168123739.072,0x19c0,1
609,malloc,1000,8183,122204570.451,0x74515,1
609,bump,1000,1963,509424350.484,0x702f0,1
610,malloc,1000,8192,122070312.500,0x4c47d,1
610,bump,1000,2013,496770988.574,0x72370,1
610,fixed_pool,1000,6029,165864985.901,0x19c0,1
611,bump,1000,1963,509424350.484,0x72370,1
611,fixed_pool,1000,6008,166444740.346,0x19c0,1
611,malloc,1000,8192,122070312.500,0x4c4c2,1
612,fixed_pool,1000,5257,190222560.396,0x1040,1
612,malloc,1000,8183,122204570.451,0x741df,1
612,bump,1000,2043,489476260.401,0x72370,1
613,malloc,1000,8212,121773015.100,0x4c82c,1
613,bump,1000,2033,491883915.396,0x702f0,1
613,fixed_pool,1000,6340,157728706.625,0x1040,1
614,bump,1000,2023,494315373.208,0x702f0,1
614,fixed_pool,1000,5999,166694449.075,0x1040,1
614,malloc,1000,8213,121758188.238,0x7442b,1
615,fixed_pool,1000,6099,163961305.132,0x19c0,1
615,malloc,1000,8182,122219506.233,0x4c42c,1
615,bump,1000,1993,501756146.513,0x702f0,1
616,malloc,1000,8183,122204570.451,0x74157,1
616,bump,1000,2003,499251123.315,0x72370,1
616,fixed_pool,1000,6099,163961305.132,0x19c0,1
617,bump,1000,1973,506842372.022,0x72370,1
617,fixed_pool,1000,6039,165590329.525,0x19c0,1
617,malloc,1000,8182,122219506.233,0x74e6d,1
618,fixed_pool,1000,5979,167252048.838,0x1040,1
618,malloc,1000,8222,121624908.781,0x74188,1
618,bump,1000,2033,491883915.396,0x72370,1
619,malloc,1000,8152,122669283.611,0x7620e,1
619,bump,1000,1983,504286434.695,0x702f0,1
619,fixed_pool,1000,5639,177336407.164,0x1040,1
620,bump,1000,1983,504286434.695,0x702f0,1
620,fixed_pool,1000,5618,177999288.003,0x1040,1
620,malloc,1000,8183,122204570.451,0x77e5b,1
621,fixed_pool,1000,5879,170096955.265,0x19c0,1
621,malloc,1000,8132,122970978.849,0x777cb,1
621,bump,1000,2003,499251123.315,0x702f0,1
622,malloc,1000,8182,122219506.233,0x740ef,1
622,bump,1000,2013,496770988.574,0x72370,1
622,fixed_pool,1000,5889,169808116.828,0x19c0,1
623,bump,1000,1983,504286434.695,0x72370,1
623,fixed_pool,1000,6159,162364020.133,0x19c0,1
623,malloc,1000,8202,121921482.565,0x7452b,1
624,fixed_pool,1000,5648,177053824.363,0x1040,1
624,malloc,1000,8152,122669283.611,0x75c5b,1
624,bump,1000,2003,499251123.315,0x72370,1
625,malloc,1000,8163,122503981.379,0x74515,1
625,bump,1000,2003,499251123.315,0x702f0,1
625,fixed_pool,1000,5989,166972783.436,0x1040,1
626,bump,1000,1983,504286434.695,0x702f0,1
626,fixed_pool,1000,6169,162100826.714,0x1040,1
626,malloc,1000,8182,122219506.233,0x4c47d,1
627,fixed_pool,1000,6039,165590329.525,0x19c0,1
627,malloc,1000,8202,121921482.565,0x4c4c2,1
627,bump,1000,1963,509424350.484,0x702f0,1
628,malloc,1000,8182,122219506.233,0x741df,1
628,bump,1000,2013,496770988.574,0x72370,1
628,fixed_pool,1000,5808,172176308.540,0x19c0,1
629,bump,1000,1993,501756146.513,0x72370,1
629,fixed_pool,1000,5988,167000668.003,0x19c0,1
629,malloc,1000,8162,122518990.444,0x4c82c,1
630,fixed_pool,1000,5849,170969396.478,0x1040,1
630,malloc,1000,8222,121624908.781,0x7442b,1
630,bump,1000,1973,506842372.022,0x72370,1
631,malloc,1000,8202,121921482.565,0x4c42c,1
631,bump,1000,2023,494315373.208,0x702f0,1
631,fixed_pool,1000,5458,183217295.713,0x1040,1
632,bump,1000,2003,499251123.315,0x702f0,1
632,fixed_pool,1000,5468,182882223.848,0x1040,1
632,malloc,1000,8152,122669283.611,0x74157,1
633,fixed_pool,1000,6129,163158753.467,0x19c0,1
633,malloc,1000,8152,122669283.611,0x74e6d,1
633,bump,1000,2003,499251123.315,0x702f0,1
634,malloc,1000,8172,122369065.100,0x74188,1
634,bump,1000,1993,501756146.513,0x72370,1
634,fixed_pool,1000,5949,168095478.232,0x19c0,1
635,bump,1000,2013,496770988.574,0x72370,1
635,fixed_pool,1000,5849,170969396.478,0x19c0,1
635,malloc,1000,8372,119445771.620,0x7620e,1
636,fixed_pool,1000,5518,181225081.551,0x1040,1
636,malloc,1000,8212,121773015.100,0x77e5b,1
636,bump,1000,2003,499251123.315,0x72370,1
637,malloc,1000,8193,122055413.158,0x777cb,1
637,bump,1000,2013,496770988.574,0x702f0,1
637,fixed_pool,1000,6199,161316341.345,0x1040,1
638,bump,1000,1973,506842372.022,0x702f0,1
638,fixed_pool,1000,5979,167252048.838,0x1040,1
638,malloc,1000,8233,121462407.385,0x740ef,1
639,fixed_pool,1000,5819,171850833.477,0x19c0,1
639,malloc,1000,8172,122369065.100,0x7452b,1
639,bump,1000,1993,501756146.513,0x702f0,1
640,malloc,1000,8132,122970978.849,0x75c5b,1
640,bump,1000,1993,501756146.513,0x72370,1
640,fixed_pool,1000,5778,173070266.528,0x19c0,1
641,bump,1000,1973,506842372.022,0x72370,1
641,fixed_pool,1000,5589,178922884.237,0x19c0,1
641,malloc,1000,8162,122518990.444,0x74515,1
642,fixed_pool,1000,5979,167252048.838,0x1040,1
642,malloc,1000,8252,121182743.577,0x4c47d,1
642,bump,1000,2023,494315373.208,0x72370,1
643,malloc,1000,8172,122369065.100,0x4c4c2,1
643,bump,1000,1953,512032770.097,0x702f0,1
643,fixed_pool,1000,5508,181554103.123,0x1040,1
644,bump,1000,1983,504286434.695,0x702f0,1
644,fixed_pool,1000,5588,178954903.364,0x1040,1
644,malloc,1000,8202,121921482.565,0x741df,1
645,fixed_pool,1000,5788,172771250.864,0x19c0,1
645,malloc,1000,8192,122070312.500,0x4c82c,1
645,bump,1000,2013,496770988.574,0x702f0,1
646,malloc,1000,8202,121921482.565,0x7442b,1
646,bump,1000,2333,428632661.809,0x72370,1
646,fixed_pool,1000,6049,165316581.253,0x19c0,1
647,bump,1000,1973,506842372.022,0x72370,1
647,fixed_pool,1000,5909,169233372.821,0x19c0,1
647,malloc,1000,8212,121773015.100,0x4c42c,1
648,fixed_pool,1000,5178,193124758.594,0x1040,1
648,malloc,1000,8172,122369065.100,0x74157,1
648,bump,1000,1983,504286434.695,0x72370,1
649,malloc,1000,8162,122518990.444,0x74e6d,1
649,bump,1000,1993,501756146.513,0x702f0,1
649,fixed_pool,1000,6220,160771704.180,0x1040,1
650,bump,1000,1973,506842372.022,0x702f0,1
650,fixed_pool,1000,6159,162364020.133,0x1040,1
650,malloc,1000,8232,121477162.293,0x74188,1
651,fixed_pool,1000,5568,179597701.149,0x19c0,1
651,malloc,1000,8222,121624908.781,0x7620e,1
651,bump,1000,1992,502008032.129,0x702f0,1
652,malloc,1000,8182,122219506.233,0x77e5b,1
652,bump,1000,1993,501756146.513,0x72370,1
652,fixed_pool,1000,5809,172146668.962,0x19c0,1
653,bump,1000,1973,506842372.022,0x72370,1
653,fixed_pool,1000,5848,170998632.011,0x19c0,1
653,malloc,1000,8173,122354092.744,0x777cb,1
654,fixed_pool,1000,6129,163158753.467,0x1040,1
654,malloc,1000,8192,122070312.500,0x740ef,1
654,bump,1000,2013,496770988.574,0x72370,1
655,malloc,1000,8193,122055413.158,0x7452b,1
655,bump,1000,1993,501756146.513,0x702f0,1
655,fixed_pool,1000,5748,173973556.019,0x1040,1
656,bump,1000,2003,499251123.315,0x702f0,1
656,fixed_pool,1000,5778,173070266.528,0x1040,1
656,malloc,1000,8182,122219506.233,0x75c5b,1
657,fixed_pool,1000,6109,163692912.097,0x19c0,1
657,malloc,1000,8172,122369065.100,0x74515,1
657,bump,1000,1953,512032770.097,0x702f0,1
658,malloc,1000,8603,116238521.446,0x4c47d,1
658,bump,1000,1983,504286434.695,0x72370,1
658,fixed_pool,1000,5889,169808116.828,0x19c0,1
659,bump,1000,1963,509424350.484,0x72370,1
659,fixed_pool,1000,5779,173040318.394,0x19c0,1
659,malloc,1000,8182,122219506.233,0x4c4c2,1
660,fixed_pool,1000,5619,177967609.895,0x1040,1
660,malloc,1000,8222,121624908.781,0x741df,1
660,bump,1000,2013,496770988.574,0x72370,1
661,malloc,1000,8172,122369065.100,0x4c82c,1
661,bump,1000,2013,496770988.574,0x702f0,1
661,fixed_pool,1000,6150,162601626.016,0x1040,1
662,bump,1000,1953,512032770.097,0x702f0,1
662,fixed_pool,1000,5959,167813391.509,0x1040,1
662,malloc,1000,8162,122518990.444,0x7442b,1
663,fixed_pool,1000,5959,167813391.509,0x19c0,1
663,malloc,1000,8192,122070312.500,0x4c42c,1
663,bump,1000,1983,504286434.695,0x702f0,1
664,malloc,1000,8172,122369065.100,0x74157,1
664,bump,1000,1993,501756146.513,0x72370,1
664,fixed_pool,1000,6059,165043736.590,0x19c0,1
665,bump,1000,1993,501756146.513,0x72370,1
665,fixed_pool,1000,5999,166694449.075,0x19c0,1
665,malloc,1000,8192,122070312.500,0x74e6d,1
666,fixed_pool,1000,5899,169520257.671,0x1040,1
666,malloc,1000,8192,122070312.500,0x74188,1
666,bump,1000,1973,506842372.022,0x72370,1
667,malloc,1000,8162,122518990.444,0x7620e,1
667,bump,1000,2013,496770988.574,0x702f0,1
667,fixed_pool,1000,5459,183183733.284,0x1040,1
668,bump,1000,1983,504286434.695,0x702f0,1
668,fixed_pool,1000,5678,176118351.532,0x1040,1
668,malloc,1000,8182,122219506.233,0x77e5b,1
669,fixed_pool,1000,6109,163692912.097,0x19c0,1
669,malloc,1000,8182,122219506.233,0x777cb,1
669,bump,1000,2013,496770988.574,0x702f0,1
670,malloc,1000,8202,121921482.565,0x740ef,1
670,bump,1000,2013,496770988.574,0x72370,1
670,fixed_pool,1000,5928,168690958.165,0x19c0,1
671,bump,1000,1973,506842372.022,0x72370,1
671,fixed_pool,1000,5848,170998632.011,0x19c0,1
671,malloc,1000,8172,122369065.100,0x7452b,1
672,fixed_pool,1000,5839,171262202.432,0x1040,1
672,malloc,1000,8212,121773015.100,0x75c5b,1
672,bump,1000,1963,509424350.484,0x72370,1
673,malloc,1000,8172,122369065.100,0x74515,1
673,bump,1000,2023,494315373.208,0x702f0,1
673,fixed_pool,1000,6139,162892979.313,0x1040,1
674,bump,1000,2013,496770988.574,0x702f0,1
674,fixed_pool,1000,6049,165316581.253,0x1040,1
674,malloc,1000,8212,121773015.100,0x4c47d,1
675,fixed_pool,1000,5878,170125893.161,0x19c0,1
675,malloc,1000,8203,121906619.529,0x4c4c2,1
675,bump,1000,2103,475511174.513,0x702f0,1
676,malloc,1000,8182,122219506.233,0x741df,1
676,bump,1000,1983,504286434.695,0x72370,1
676,fixed_pool,1000,5929,168662506.325,0x19c0,1
677,bump,1000,1993,501756146.513,0x72370,1
677,fixed_pool,1000,5799,172443524.746,0x19c0,1
677,malloc,1000,8202,121921482.565,0x4c82c,1
678,fixed_pool,1000,5908,169262017.603,0x1040,1
678,malloc,1000,8182,122219506.233,0x7442b,1
678,bump,1000,1973,506842372.022,0x72370,1
679,malloc,1000,8362,119588615.164,0x4c42c,1
679,bump,1000,1983,504286434.695,0x702f0,1
679,fixed_pool,1000,5659,176709666.019,0x1040,1
680,bump,1000,1963,509424350.484,0x702f0,1
680,fixed_pool,1000,5408,184911242.604,0x1040,1
680,malloc,1000,8132,122970978.849,0x74157,1
681,fixed_pool,1000,6179,161838485.192,0x19c0,1
681,malloc,1000,8172,122369065.100,0x74e6d,1
681,bump,1000,1983,504286434.695,0x702f0,1
682,malloc,1000,8212,121773015.100,0x74188,1
682,bump,1000,1973,506842372.022,0x72370,1
682,fixed_pool,1000,6029,165864985.901,0x19c0,1
683,bump,1000,1993,501756146.513,0x72370,1
683,fixed_pool,1000,5838,171291538.198,0x19c0,1
683,malloc,1000,8172,122369065.100,0x7620e,1
684,fixed_pool,1000,5458,183217295.713,0x1040,1
684,malloc,1000,8152,122669283.611,0x77e5b,1
684,bump,1000,1973,506842372.022,0x72370,1
685,malloc,1000,8182,122219506.233,0x777cb,1
685,bump,1000,2003,499251123.315,0x702f0,1
685,fixed_pool,1000,6169,162100826.714,0x1040,1
686,bump,1000,1983,504286434.695,0x702f0,1
686,fixed_pool,1000,5929,168662506.325,0x1040,1
686,malloc,1000,8242,121329774.327,0x740ef,1
687,fixed_pool,1000,5998,166722240.747,0x19c0,1
687,malloc,1000,8223,121610117.962,0x7452b,1
687,bump,1000,2023,494315373.208,0x702f0,1
688,malloc,1000,8142,122819945.959,0x75c5b,1
688,bump,1000,1983,504286434.695,0x72370,1
688,fixed_pool,1000,5799,172443524.746,0x19c0,1
689,bump,1000,2003,499251123.315,0x72370,1
689,fixed_pool,1000,6099,163961305.132,0x19c0,1
689,malloc,1000,8212,121773015.100,0x74515,1
690,fixed_pool,1000,5979,167252048.838,0x1040,1
690,malloc,1000,8202,121921482.565,0x4c47d,1
690,bump,1000,1993,501756146.513,0x72370,1
691,malloc,1000,8222,121624908.781,0x4c4c2,1
691,bump,1000,2063,484730974.309,0x702f0,1
691,fixed_pool,1000,5809,172146668.962,0x1040,1
692,bump,1000,1992,502008032.129,0x702f0,1
692,fixed_pool,1000,5768,173370319.001,0x1040,1
692,malloc,1000,8192,122070312.500,0x741df,1
693,fixed_pool,1000,6229,160539412.426,0x19c0,1
693,malloc,1000,8182,122219506.233,0x4c82c,1
693,bump,1000,2003,499251123.315,0x702f0,1
694,malloc,1000,8162,122518990.444,0x7442b,1
694,bump,1000,1963,509424350.484,0x72370,1
694,fixed_pool,1000,5818,171880371.262,0x19c0,1
695,bump,1000,2153,464468183.929,0x72370,1
695,fixed_pool,1000,5819,171850833.477,0x19c0,1
695,malloc,1000,8252,121182743.577,0x4c42c,1
696,fixed_pool,1000,5368,186289120.715,0x1040,1
696,malloc,1000,8182,122219506.233,0x74157,1
696,bump,1000,1983,504286434.695,0x72370,1
697,malloc,1000,8152,122669283.611,0x74e6d,1
697,bump,1000,1983,504286434.695,0x702f0,1
697,fixed_pool,1000,6049,165316581.253,0x1040,1
698,bump,1000,1973,506842372.022,0x702f0,1
698,fixed_pool,1000,5979,167252048.838,0x1040,1
698,malloc,1000,8173,122354092.744,0x74188,1
699,fixed_pool,1000,5789,172741406.115,0x19c0,1
699,malloc,1000,8172,122369065.100,0x7620e,1
699,bump,1000,1993,501756146.513,0x702f0,1
700,malloc,1000,8132,122970978.849,0x77e5b,1
700,bump,1000,1983,504286434.695,0x72370,1
700,fixed_pool,1000,6059,165043736.590,0x19c0,1
701,bump,1000,1972,507099391.481,0x72370,1
701,fixed_pool,1000,5999,166694449.075,0x19c0,1
701,malloc,1000,8182,122219506.233,0x777cb,1
702,fixed_pool,1000,6089,164230579.734,0x1040,1
702,malloc,1000,8202,121921482.565,0x740ef,1
702,bump,1000,1972,507099391.481,0x72370,1
703,malloc,1000,8183,122204570.451,0x7452b,1
703,bump,1000,2023,494315373.208,0x702f0,1
703,fixed_pool,1000,5849,170969396.478,0x1040,1
704,bump,1000,1983,504286434.695,0x702f0,1
704,fixed_pool,1000,5428,184229918.939,0x1040,1
704,malloc,1000,8172,122369065.100,0x75c5b,1
705,fixed_pool,1000,5828,171585449.554,0x19c0,1
705,malloc,1000,8202,121921482.565,0x74515,1
705,bump,1000,2003,499251123.315,0x702f0,1
706,malloc,1000,8182,122219506.233,0x4c47d,1
706,bump,1000,1993,501756146.513,0x72370,1
706,fixed_pool,1000,5638,177367860.944,0x19c0,1
707,bump,1000,1992,502008032.129,0x72370,1
707,fixed_pool,1000,5678,176118351.532,0x19c0,1
707,malloc,1000,8222,121624908.781,0x4c4c2,1
708,fixed_pool,1000,5528,180897250.362,0x1040,1
708,malloc,1000,8172,122369065.100,0x741df,1
708,bump,1000,2023,494315373.208,0x72370,1
709,malloc,1000,8172,122369065.100,0x4c82c,1
709,bump,1000,2043,489476260.401,0x702f0,1
709,fixed_pool,1000,6059,165043736.590,0x1040,1
710,bump,1000,1963,509424350.484,0x702f0,1
710,fixed_pool,1000,6039,165590329.525,0x1040,1
710,malloc,1000,8182,122219506.233,0x7442b,1
711,fixed_pool,1000,5628,177683013.504,0x19c0,1
711,malloc,1000,8633,115834588.208,0x4c42c,1
711,bump,1000,2144,466417910.448,0x702f0,1
712,malloc,1000,8192,122070312.500,0x74157,1
712,bump,1000,2033,491883915.396,0x72370,1
712,fixed_pool,1000,5999,166694449.075,0x19c0,1
713,bump,1000,1983,504286434.695,0x72370,1
713,fixed_pool,1000,5919,168947457.341,0x19c0,1
713,malloc,1000,8212,121773015.100,0x74e6d,1
714,fixed_pool,1000,5949,168095478.232,0x1040,1
714,malloc,1000,8172,122369065.100,0x74188,1
714,bump,1000,1963,509424350.484,0x72370,1
715,malloc,1000,8192,122070312.500,0x7620e,1
715,bump,1000,1993,501756146.513,0x702f0,1
715,fixed_pool,1000,5489,182182546.912,0x1040,1
716,bump,1000,2023,494315373.208,0x702f0,1
716,fixed_pool,1000,5278,189465706.707,0x1040,1
716,malloc,1000,8142,122819945.959,0x77e5b,1
717,fixed_pool,1000,5859,170677590.032,0x19c0,1
717,malloc,1000,8122,123122383.649,0x777cb,1
717,bump,1000,1973,506842372.022,0x702f0,1
718,malloc,1000,8202,121921482.565,0x740ef,1
718,bump,1000,2013,496770988.574,0x72370,1
718,fixed_pool,1000,6089,164230579.734,0x19c0,1
719,bump,1000,1983,504286434.695,0x72370,1
719,fixed_pool,1000,5919,168947457.341,0x19c0,1
719,malloc,1000,8192,122070312.500,0x7452b,1
720,fixed_pool,1000,5869,170386777.986,0x1040,1
720,malloc,1000,8192,122070312.500,0x75c5b,1
720,bump,1000,1993,501756146.513,0x72370,1
721,malloc,1000,8172,122369065.100,0x74515,1
721,bump,1000,2023,494315373.208,0x702f0,1
721,fixed_pool,1000,5889,169808116.828,0x1040,1
722,bump,1000,1993,501756146.513,0x702f0,1
722,fixed_pool,1000,5718,174886323.889,0x1040,1
722,malloc,1000,8192,122070312.500,0x4c47d,1
723,fixed_pool,1000,5899,169520257.671,0x19c0,1
723,malloc,1000,8172,122369065.100,0x4c4c2,1
723,bump,1000,1983,504286434.695,0x702f0,1
724,malloc,1000,8182,122219506.233,0x741df,1
724,bump,1000,1972,507099391.481,0x72370,1
724,fixed_pool,1000,5638,177367860.944,0x19c0,1
725,bump,1000,1993,501756146.513,0x72370,1
725,fixed_pool,1000,5749,173943294.486,0x19c0,1
725,malloc,1000,8213,121758188.238,0x4c82c,1
726,fixed_pool,1000,6059,165043736.590,0x1040,1
726,malloc,1000,8242,121329774.327,0x7442b,1
726,bump,1000,1993,501756146.513,0x72370,1
727,malloc,1000,8212,121773015.100,0x4c42c,1
727,bump,1000,2033,491883915.396,0x702f0,1
727,fixed_pool,1000,5278,189465706.707,0x1040,1
728,bump,1000,1983,504286434.695,0x702f0,1
728,fixed_pool,1000,5278,189465706.707,0x1040,1
728,malloc,1000,8152,122669283.611,0x74157,1
729,fixed_pool,1000,5698,175500175.500,0x19c0,1
729,malloc,1000,8202,121921482.565,0x74e6d,1
729,bump,1000,1973,506842372.022,0x702f0,1
730,malloc,1000,8172,122369065.100,0x74188,1
730,bump,1000,2203,453926463.913,0x72370,1
730,fixed_pool,1000,5849,170969396.478,0x19c0,1
731,bump,1000,1953,512032770.097,0x72370,1
731,fixed_pool,1000,6059,165043736.590,0x19c0,1
731,malloc,1000,8202,121921482.565,0x7620e,1
732,fixed_pool,1000,5588,178954903.364,0x1040,1
732,malloc,1000,8142,122819945.959,0x77e5b,1
732,bump,1000,1963,509424350.484,0x72370,1
733,malloc,1000,8132,122970978.849,0x777cb,1
733,bump,1000,2003,499251123.315,0x702f0,1
733,fixed_pool,1000,6289,159007791.382,0x1040,1
734,bump,1000,1983,504286434.695,0x702f0,1
734,fixed_pool,1000,5919,168947457.341,0x1040,1
734,malloc,1000,8212,121773015.100,0x740ef,1
735,fixed_pool,1000,5738,174276751.481,0x19c0,1
735,malloc,1000,8202,121921482.565,0x7452b,1
735,bump,1000,1983,504286434.695,0x702f0,1
736,malloc,1000,8203,121906619.529,0x75c5b,1
736,bump,1000,2033,491883915.396,0x72370,1
736,fixed_pool,1000,5869,170386777.986,0x19c0,1
737,bump,1000,1993,501756146.513,0x72370,1
737,fixed_pool,1000,5789,172741406.115,0x19c0,1
737,malloc,1000,8192,122070312.500,0x74515,1
738,fixed_pool,1000,6099,163961305.132,0x1040,1
738,malloc,1000,8212,121773015.100,0x4c47d,1
738,bump,1000,2003,499251123.315,0x72370,1
739,malloc,1000,8172,122369065.100,0x4c4c2,1
739,bump,1000,2003,499251123.315,0x702f0,1
739,fixed_pool,1000,5739,174246384.388,0x1040,1
740,bump,1000,1983,504286434.695,0x702f0,1
740,fixed_pool,1000,5809,172146668.962,0x1040,1
740,malloc,1000,8203,121906619.529,0x741df,1
741,fixed_pool,1000,6239,160282096.490,0x19c0,1
741,malloc,1000,8213,121758188.238,0x4c82c,1
741,bump,1000,1983,504286434.695,0x702f0,1
742,malloc,1000,8162,122518990.444,0x7442b,1
742,bump,1000,1973,506842372.022,0x72370,1
742,fixed_pool,1000,5849,170969396.478,0x19c0,1
743,bump,1000,1993,501756146.513,0x72370,1
743,fixed_pool,1000,5869,170386777.986,0x19c0,1
743,malloc,1000,24136,41431885.979,0x4c42c,1
744,fixed_pool,1000,5498,181884321.571,0x1040,1
744,malloc,1000,8202,121921482.565,0x74157,1
744,bump,1000,2023,494315373.208,0x72370,1
745,malloc,1000,8203,121906619.529,0x74e6d,1
745,bump,1000,2083,480076812.290,0x702f0,1
745,fixed_pool,1000,6269,159515074.175,0x1040,1
746,bump,1000,2053,487092060.399,0x702f0,1
746,fixed_pool,1000,5899,169520257.671,0x1040,1
746,malloc,1000,8212,121773015.100,0x74188,1
747,fixed_pool,1000,6059,165043736.590,0x19c0,1
747,malloc,1000,8183,122204570.451,0x7620e,1
747,bump,1000,2043,489476260.401,0x702f0,1
748,malloc,1000,8132,122970978.849,0x77e5b,1
748,bump,1000,2053,487092060.399,0x72370,1
748,fixed_pool,1000,5689,175777816.840,0x19c0,1
749,bump,1000,2043,489476260.401,0x72370,1
749,fixed_pool,1000,5598,178635226.867,0x19c0,1
749,malloc,1000,8203,121906619.529,0x777cb,1
750,fixed_pool,1000,6109,163692912.097,0x1040,1
750,malloc,1000,8172,122369065.100,0x740ef,1
750,bump,1000,2063,484730974.309,0x72370,1
751,malloc,1000,8162,122518990.444,0x7452b,1
751,bump,1000,2063,484730974.309,0x702f0,1
751,fixed_pool,1000,5849,170969396.478,0x1040,1
752,bump,1000,2053,487092060.399,0x702f0,1
752,fixed_pool,1000,5769,173340266.944,0x1040,1
752,malloc,1000,8183,122204570.451,0x75c5b,1
753,fixed_pool,1000,6019,166140554.909,0x19c0,1
753,malloc,1000,8212,121773015.100,0x74515,1
753,bump,1000,2033,491883915.396,0x702f0,1
754,malloc,1000,8213,121758188.238,0x4c47d,1
754,bump,1000,2073,482392667.631,0x72370,1
754,fixed_pool,1000,6269,159515074.175,0x19c0,1
755,bump,1000,1983,504286434.695,0x72370,1
755,fixed_pool,1000,5808,172176308.540,0x19c0,1
755,malloc,1000,8222,121624908.781,0x4c4c2,1
756,fixed_pool,1000,5328,187687687.688,0x1040,1
756,malloc,1000,8162,122518990.444,0x741df,1
756,bump,1000,1953,512032770.097,0x72370,1
757,malloc,1000,8152,122669283.611,0x4c82c,1
757,bump,1000,2033,491883915.396,0x702f0,1
757,fixed_pool,1000,5988,167000668.003,0x1040,1
758,bump,1000,1992,502008032.129,0x702f0,1
758,fixed_pool,1000,6019,166140554.909,0x1040,1
758,malloc,1000,8252,121182743.577,0x7442b,1
759,fixed_pool,1000,5889,169808116.828,0x19c0,1
759,malloc,1000,8232,121477162.293,0x4c42c,1
759,bump,1000,1973,506842372.022,0x702f0,1
760,malloc,1000,8162,122518990.444,0x74157,1
760,bump,1000,1983,504286434.695,0x72370,1
760,fixed_pool,1000,5739,174246384.388,0x19c0,1
761,bump,1000,2013,496770988.574,0x72370,1
761,fixed_pool,1000,6079,164500740.253,0x19c0,1
761,malloc,1000,8172,122369065.100,0x74e6d,1
762,fixed_pool,1000,5718,174886323.889,0x1040,1
762,malloc,1000,8192,122070312.500,0x74188,1
762,bump,1000,1983,504286434.695,0x72370,1
763,malloc,1000,8142,122819945.959,0x7620e,1
763,bump,1000,1962,509683995.923,0x702f0,1
763,fixed_pool,1000,5568,179597701.149,0x1040,1
764,bump,1000,2043,489476260.401,0x702f0,1
764,fixed_pool,1000,5599,178603322.022,0x1040,1
764,malloc,1000,8172,122369065.100,0x77e5b,1
765,fixed_pool,1000,5959,167813391.509,0x19c0,1
765,malloc,1000,8162,122518990.444,0x777cb,1
765,bump,1000,2003,499251123.315,0x702f0,1
766,malloc,1000,8183,122204570.451,0x740ef,1
766,bump,1000,2023,494315373.208,0x72370,1
766,fixed_pool,1000,5688,175808720.113,0x19c0,1
767,bump,1000,1983,504286434.695,0x72370,1
767,fixed_pool,1000,6069,164771791.069,0x19c0,1
767,malloc,1000,8192,122070312.500,0x7452b,1
768,fixed_pool,1000,5539,180538003.250,0x1040,1
768,malloc,1000,8142,122819945.959,0x75c5b,1
768,bump,1000,2043,489476260.401,0x72370,1
769,malloc,1000,8212,121773015.100,0x74515,1
769,bump,1000,2003,499251123.315,0x702f0,1
769,fixed_pool,1000,5989,166972783.436,0x1040,1
770,bump,1000,1962,509683995.923,0x702f0,1
770,fixed_pool,1000,5838,171291538.198,0x1040,1
770,malloc,1000,8203,121906619.529,0x4c47d,1
771,fixed_pool,1000,6159,162364020.133,0x19c0,1
771,malloc,1000,8172,122369065.100,0x4c4c2,1
771,bump,1000,1973,506842372.022,0x702f0,1
772,malloc,1000,8172,122369065.100,0x741df,1
772,bump,1000,2003,499251123.315,0x72370,1
772,fixed_pool,1000,5999,166694449.075,0x19c0,1
773,bump,1000,1993,501756146.513,0x72370,1
773,fixed_pool,1000,5979,167252048.838,0x19c0,1
773,malloc,1000,8212,121773015.100,0x4c82c,1
774,fixed_pool,1000,6159,162364020.133,0x1040,1
774,malloc,1000,8192,122070312.500,0x7442b,1
774,bump,1000,1973,506842372.022,0x72370,1
775,malloc,1000,8172,122369065.100,0x4c42c,1
775,bump,1000,1983,504286434.695,0x702f0,1
775,fixed_pool,1000,5708,175192711.983,0x1040,1
776,bump,1000,1983,504286434.695,0x702f0,1
776,fixed_pool,1000,5599,178603322.022,0x1040,1
776,malloc,1000,8172,122369065.100,0x74157,1
777,fixed_pool,1000,5819,171850833.477,0x19c0,1
777,malloc,1000,8182,122219506.233,0x74e6d,1
777,bump,1000,1983,504286434.695,0x702f0,1
778,malloc,1000,8212,121773015.100,0x74188,1
778,bump,1000,2013,496770988.574,0x72370,1
778,fixed_pool,1000,5919,168947457.341,0x19c0,1
779,bump,1000,1983,504286434.695,0x72370,1
779,fixed_pool,1000,5898,169548999.661,0x19c0,1
779,malloc,1000,8153,122654237.704,0x7620e,1
780,fixed_pool,1000,5568,179597701.149,0x1040,1
780,malloc,1000,8193,122055413.158,0x77e5b,1
780,bump,1000,2003,499251123.315,0x72370,1
781,malloc,1000,8142,122819945.959,0x777cb,1
781,bump,1000,2073,482392667.631,0x702f0,1
781,fixed_pool,1000,6049,165316581.253,0x1040,1
782,bump,1000,1983,504286434.695,0x702f0,1
782,fixed_pool,1000,6400,156250000.000,0x1040,1
782,malloc,1000,8172,122369065.100,0x740ef,1
783,fixed_pool,1000,6049,165316581.253,0x19c0,1
783,malloc,1000,8192,122070312.500,0x7452b,1
783,bump,1000,2023,494315373.208,0x702f0,1
784,malloc,1000,8152,122669283.611,0x75c5b,1
784,bump,1000,1983,504286434.695,0x72370,1
784,fixed_pool,1000,6339,157753588.894,0x19c0,1
785,bump,1000,2023,494315373.208,0x72370,1
785,fixed_pool,1000,5899,169520257.671,0x19c0,1
785,malloc,1000,8202,121921482.565,0x74515,1
786,fixed_pool,1000,5949,168095478.232,0x1040,1
786,malloc,1000,8152,122669283.611,0x4c47d,1
786,bump,1000,2003,499251123.315,0x72370,1
787,malloc,1000,8202,121921482.565,0x4c4c2,1
787,bump,1000,2013,496770988.574,0x702f0,1
787,fixed_pool,1000,5718,174886323.889,0x1040,1
788,bump,1000,1993,501756146.513,0x702f0,1
788,fixed_pool,1000,5628,177683013.504,0x1040,1
788,malloc,1000,8212,121773015.100,0x741df,1
789,fixed_pool,1000,5989,166972783.436,0x19c0,1
789,malloc,1000,8172,122369065.100,0x4c82c,1
789,bump,1000,1943,514668039.115,0x702f0,1
790,malloc,1000,8202,121921482.565,0x7442b,1
790,bump,1000,2063,484730974.309,0x72370,1
790,fixed_pool,1000,6009,166417041.105,0x19c0,1
791,bump,1000,1973,506842372.022,0x72370,1
791,fixed_pool,1000,5698,175500175.500,0x19c0,1
791,malloc,1000,8172,122369065.100,0x4c42c,1
792,fixed_pool,1000,5629,177651447.859,0x1040,1
792,malloc,1000,8172,122369065.100,0x74157,1
792,bump,1000,1993,501756146.513,0x72370,1
793,malloc,1000,8202,121921482.565,0x74e6d,1
793,bump,1000,1993,501756146.513,0x702f0,1
793,fixed_pool,1000,5889,169808116.828,0x1040,1
794,bump,1000,2003,499251123.315,0x702f0,1
794,fixed_pool,1000,6320,158227848.101,0x1040,1
794,malloc,1000,19148,52224775.433,0x74188,1
795,fixed_pool,1000,5959,167813391.509,0x19c0,1
795,malloc,1000,8192,122070312.500,0x7620e,1
795,bump,1000,2013,496770988.574,0x702f0,1
796,malloc,1000,8173,122354092.744,0x77e5b,1
796,bump,1000,1993,501756146.513,0x72370,1
796,fixed_pool,1000,6039,165590329.525,0x19c0,1
797,bump,1000,1973,506842372.022,0x72370,1
797,fixed_pool,1000,5849,170969396.478,0x19c0,1
797,malloc,1000,8192,122070312.500,0x777cb,1
798,fixed_pool,1000,6089,164230579.734,0x1040,1
798,malloc,1000,8192,122070312.500,0x740ef,1
798,bump,1000,1983,504286434.695,0x72370,1
799,malloc,1000,8212,121773015.100,0x7452b,1
799,bump,1000,1993,501756146.513,0x702f0,1
799,fixed_pool,1000,5829,171556013.038,0x1040,1
800,bump,1000,2003,499251123.315,0x702f0,1
800,fixed_pool,1000,5699,175469380.593,0x1040,1
800,malloc,1000,8172,122369065.100,0x75c5b,1
801,fixed_pool,1000,5899,169520257.671,0x19c0,1
801,malloc,1000,8213,121758188.238,0x74515,1
801,bump,1000,1983,504286434.695,0x702f0,1
802,malloc,1000,8212,121773015.100,0x4c47d,1
802,bump,1000,1983,504286434.695,0x72370,1
802,fixed_pool,1000,5969,167532249.958,0x19c0,1
803,bump,1000,1953,512032770.097,0x72370,1
803,fixed_pool,1000,6079,164500740.253,0x19c0,1
803,malloc,1000,8223,121610117.962,0x4c4c2,1
804,fixed_pool,1000,5628,177683013.504,0x1040,1
804,malloc,1000,8172,122369065.100,0x741df,1
804,bump,1000,1963,509424350.484,0x72370,1
805,malloc,1000,8192,122070312.500,0x4c82c,1
805,bump,1000,2003,499251123.315,0x702f0,1
805,fixed_pool,1000,6200,161290322.581,0x1040,1
806,bump,1000,1963,509424350.484,0x702f0,1
806,fixed_pool,1000,6239,160282096.490,0x1040,1
806,malloc,1000,8262,121036068.748,0x7442b,1
807,fixed_pool,1000,6109,163692912.097,0x19c0,1
807,malloc,1000,8202,121921482.565,0x4c42c,1
807,bump,1000,1953,512032770.097,0x702f0,1
808,malloc,1000,8172,122369065.100,0x74157,1
808,bump,1000,1983,504286434.695,0x72370,1
808,fixed_pool,1000,5748,173973556.019,0x19c0,1
809,bump,1000,1993,501756146.513,0x72370,1
809,fixed_pool,1000,5828,171585449.554,0x19c0,1
809,malloc,1000,8162,122518990.444,0x74e6d,1
810,fixed_pool,1000,5688,175808720.113,0x1040,1
810,malloc,1000,8153,122654237.704,0x74188,1
810,bump,1000,2003,499251123.315,0x72370,1
811,malloc,1000,8162,122518990.444,0x7620e,1
811,bump,1000,2053,487092060.399,0x702f0,1
811,fixed_pool,1000,5288,189107413.011,0x1040,1
812,bump,1000,2043,489476260.401,0x702f0,1
812,fixed_pool,1000,5488,182215743.440,0x1040,1
812,malloc,1000,8152,122669283.611,0x77e5b,1
813,fixed_pool,1000,6029,165864985.901,0x19c0,1
813,malloc,1000,8132,122970978.849,0x777cb,1
813,bump,1000,1973,506842372.022,0x702f0,1
814,malloc,1000,8183,122204570.451,0x740ef,1
814,bump,1000,1993,501756146.513,0x72370,1
814,fixed_pool,1000,6189,161576991.436,0x19c0,1
815,bump,1000,1963,509424350.484,0x72370,1
815,fixed_pool,1000,5989,166972783.436,0x19c0,1
815,malloc,1000,8212,121773015.100,0x7452b,1
816,fixed_pool,1000,5558,179920834.833,0x1040,1
816,malloc,1000,8163,122503981.379,0x75c5b,1
816,bump,1000,2023,494315373.208,0x72370,1
817,malloc,1000,8172,122369065.100,0x74515,1
817,bump,1000,2013,496770988.574,0x702f0,1
817,fixed_pool,1000,5849,170969396.478,0x1040,1
818,bump,1000,1953,512032770.097,0x702f0,1
818,fixed_pool,1000,5979,167252048.838,0x1040,1
818,malloc,1000,8212,121773015.100,0x4c47d,1
819,fixed_pool,1000,17876,55940926.382,0x19c0,1
819,malloc,1000,8202,121921482.565,0x4c4c2,1
819,bump,1000,2043,489476260.401,0x702f0,1
820,malloc,1000,8163,122503981.379,0x741df,1
820,bump,1000,2013,496770988.574,0x72370,1
820,fixed_pool,1000,6079,164500740.253,0x19c0,1
821,bump,1000,1983,504286434.695,0x72370,1
821,fixed_pool,1000,5859,170677590.032,0x19c0,1
821,malloc,1000,8212,121773015.100,0x4c82c,1
822,fixed_pool,1000,6059,165043736.590,0x1040,1
822,malloc,1000,8242,121329774.327,0x7442b,1
822,bump,1000,2003,499251123.315,0x72370,1
823,malloc,1000,8183,122204570.451,0x4c42c,1
823,bump,1000,2023,494315373.208,0x702f0,1
823,fixed_pool,1000,5478,182548375.319,0x1040,1
824,bump,1000,2013,496770988.574,0x702f0,1
824,fixed_pool,1000,5599,178603322.022,0x1040,1
824,malloc,1000,8172,122369065.100,0x74157,1
825,fixed_pool,1000,6170,162074554.295,0x19c0,1
825,malloc,1000,8152,122669283.611,0x74e6d,1
825,bump,1000,1963,509424350.484,0x702f0,1
826,malloc,1000,8162,122518990.444,0x74188,1
826,bump,1000,2033,491883915.396,0x72370,1
826,fixed_pool,1000,6229,160539412.426,0x19c0,1
827,bump,1000,1993,501756146.513,0x72370,1
827,fixed_pool,1000,5899,169520257.671,0x19c0,1
827,malloc,1000,8202,121921482.565,0x7620e,1
828,fixed_pool,1000,5469,182848784.056,0x1040,1
828,malloc,1000,8192,122070312.500,0x77e5b,1
828,bump,1000,1963,509424350.484,0x72370,1
829,malloc,1000,8162,122518990.444,0x777cb,1
829,bump,1000,2023,494315373.208,0x702f0,1
829,fixed_pool,1000,6119,163425396.307,0x1040,1
830,bump,1000,1963,509424350.484,0x702f0,1
830,fixed_pool,1000,6039,165590329.525,0x1040,1
830,malloc,1000,8252,121182743.577,0x740ef,1
831,fixed_pool,1000,6039,165590329.525,0x19c0,1
831,malloc,1000,8193,122055413.158,0x7452b,1
831,bump,1000,1993,501756146.513,0x702f0,1
832,malloc,1000,8202,121921482.565,0x75c5b,1
832,bump,1000,2153,464468183.929,0x72370,1
832,fixed_pool,1000,5739,174246384.388,0x19c0,1
833,bump,1000,1993,501756146.513,0x72370,1
833,fixed_pool,1000,5869,170386777.986,0x19c0,1
833,malloc,1000,8172,122369065.100,0x74515,1
834,fixed_pool,1000,5968,167560321.716,0x1040,1
834,malloc,1000,8173,122354092.744,0x4c47d,1
834,bump,1000,1983,504286434.695,0x72370,1
835,malloc,1000,8202,121921482.565,0x4c4c2,1
835,bump,1000,2063,484730974.309,0x702f0,1
835,fixed_pool,1000,5699,175469380.593,0x1040,1
836,bump,1000,2063,484730974.309,0x702f0,1
836,fixed_pool,1000,5679,176087339.320,0x1040,1
836,malloc,1000,8162,122518990.444,0x741df,1
837,fixed_pool,1000,6049,165316581.253,0x19c0,1
837,malloc,1000,8213,121758188.238,0x4c82c,1
837,bump,1000,2043,489476260.401,0x702f0,1
838,malloc,1000,8182,122219506.233,0x7442b,1
838,bump,1000,2033,491883915.396,0x72370,1
838,fixed_pool,1000,6019,166140554.909,0x19c0,1
839,bump,1000,1983,504286434.695,0x72370,1
839,fixed_pool,1000,6049,165316581.253,0x19c0,1
839,malloc,1000,8202,121921482.565,0x4c42c,1
840,fixed_pool,1000,5408,184911242.604,0x1040,1
840,malloc,1000,8163,122503981.379,0x74157,1
840,bump,1000,1973,506842372.022,0x72370,1
841,malloc,1000,8222,121624908.781,0x74e6d,1
841,bump,1000,1973,506842372.022,0x702f0,1
841,fixed_pool,1000,6239,160282096.490,0x1040,1
842,bump,1000,1993,501756146.513,0x702f0,1
842,fixed_pool,1000,6059,165043736.590,0x1040,1
842,malloc,1000,8223,121610117.962,0x74188,1
843,fixed_pool,1000,5879,170096955.265,0x19c0,1
843,malloc,1000,8172,122369065.100,0x7620e,1
843,bump,1000,1983,504286434.695,0x702f0,1
844,malloc,1000,8162,122518990.444,0x77e5b,1
844,bump,1000,2003,499251123.315,0x72370,1
844,fixed_pool,1000,5989,166972783.436,0x19c0,1
845,bump,1000,1973,506842372.022,0x72370,1
845,fixed_pool,1000,5839,171262202.432,0x19c0,1
845,malloc,1000,8152,122669283.611,0x777cb,1
846,fixed_pool,1000,6018,166168162.180,0x1040,1
846,malloc,1000,8122,123122383.649,0x740ef,1
846,bump,1000,1983,504286434.695,0x72370,1
847,malloc,1000,8202,121921482.565,0x7452b,1
847,bump,1000,1963,509424350.484,0x702f0,1
847,fixed_pool,1000,5889,169808116.828,0x1040,1
848,bump,1000,2003,499251123.315,0x702f0,1
848,fixed_pool,1000,5919,168947457.341,0x1040,1
848,malloc,1000,8202,121921482.565,0x75c5b,1
849,fixed_pool,1000,5879,170096955.265,0x19c0,1
849,malloc,1000,8192,122070312.500,0x74515,1
849,bump,1000,1973,506842372.022,0x702f0,1
850,malloc,1000,8223,121610117.962,0x4c47d,1
850,bump,1000,2023,494315373.208,0x72370,1
850,fixed_pool,1000,5879,170096955.265,0x19c0,1
851,bump,1000,1983,504286434.695,0x72370,1
851,fixed_pool,1000,5959,167813391.509,0x19c0,1
851,malloc,1000,8182,122219506.233,0x4c4c2,1
852,fixed_pool,1000,5609,178284899.269,0x1040,1
852,malloc,1000,8192,122070312.500,0x741df,1
852,bump,1000,1973,506842372.022,0x72370,1
853,malloc,1000,8182,122219506.233,0x4c82c,1
853,bump,1000,1973,506842372.022,0x702f0,1
853,fixed_pool,1000,6329,158002844.051,0x1040,1
854,bump,1000,1943,514668039.115,0x702f0,1
854,fixed_pool,1000,5839,171262202.432,0x1040,1
854,malloc,1000,8222,121624908.781,0x7442b,1
855,fixed_pool,1000,5868,170415814.588,0x19c0,1
855,malloc,1000,8193,122055413.158,0x4c42c,1
855,bump,1000,2013,496770988.574,0x702f0,1
856,malloc,1000,8182,122219506.233,0x74157,1
856,bump,1000,1973,506842372.022,0x72370,1
856,fixed_pool,1000,5949,168095478.232,0x19c0,1
857,bump,1000,1983,504286434.695,0x72370,1
857,fixed_pool,1000,5769,173340266.944,0x19c0,1
857,malloc,1000,8142,122819945.959,0x74e6d,1
858,fixed_pool,1000,5849,170969396.478,0x1040,1
858,malloc,1000,8232,121477162.293,0x74188,1
858,bump,1000,1993,501756146.513,0x72370,1
859,malloc,1000,8142,122819945.959,0x7620e,1
859,bump,1000,2013,496770988.574,0x702f0,1
859,fixed_pool,1000,5468,182882223.848,0x1040,1
860,bump,1000,2003,499251123.315,0x702f0,1
860,fixed_pool,1000,5508,181554103.123,0x1040,1
860,malloc,1000,8162,122518990.444,0x77e5b,1
861,fixed_pool,1000,6179,161838485.192,0x19c0,1
861,malloc,1000,8142,122819945.959,0x777cb,1
861,bump,1000,1973,506842372.022,0x702f0,1
862,malloc,1000,8182,122219506.233,0x740ef,1
862,bump,1000,2023,494315373.208,0x72370,1
862,fixed_pool,1000,6028,165892501.659,0x19c0,1
863,bump,1000,1952,512295081.967,0x72370,1
863,fixed_pool,1000,5818,171880371.262,0x19c0,1
863,malloc,1000,8163,122503981.379,0x7452b,1
864,fixed_pool,1000,5558,179920834.833,0x1040,1
864,malloc,1000,8142,122819945.959,0x75c5b,1
864,bump,1000,1993,501756146.513,0x72370,1
865,malloc,1000,8192,122070312.500,0x74515,1
865,bump,1000,2043,489476260.401,0x702f0,1
865,fixed_pool,1000,6019,166140554.909,0x1040,1
866,bump,1000,1983,504286434.695,0x702f0,1
866,fixed_pool,1000,6149,162628069.605,0x1040,1
866,malloc,1000,8222,121624908.781,0x4c47d,1
867,fixed_pool,1000,5608,178316690.442,0x19c0,1
867,malloc,1000,8203,121906619.529,0x4c4c2,1
867,bump,1000,2003,499251123.315,0x702f0,1
868,malloc,1000,8182,122219506.233,0x741df,1
868,bump,1000,2023,494315373.208,0x72370,1
868,fixed_pool,1000,5859,170677590.032,0x19c0,1
869,bump,1000,1983,504286434.695,0x72370,1
869,fixed_pool,1000,5848,170998632.011,0x19c0,1
869,malloc,1000,8182,122219506.233,0x4c82c,1
870,fixed_pool,1000,5769,173340266.944,0x1040,1
870,malloc,1000,8182,122219506.233,0x7442b,1
870,bump,1000,1993,501756146.513,0x72370,1
871,malloc,1000,8192,122070312.500,0x4c42c,1
871,bump,1000,2013,496770988.574,0x702f0,1
871,fixed_pool,1000,5348,186985789.080,0x1040,1
872,bump,1000,1993,501756146.513,0x702f0,1
872,fixed_pool,1000,5378,185942729.639,0x1040,1
872,malloc,1000,8183,122204570.451,0x74157,1
873,fixed_pool,1000,6009,166417041.105,0x19c0,1
873,malloc,1000,8182,122219506.233,0x74e6d,1
873,bump,1000,1983,504286434.695,0x702f0,1
874,malloc,1000,8182,122219506.233,0x74188,1
874,bump,1000,2013,496770988.574,0x72370,1
874,fixed_pool,1000,6059,165043736.590,0x19c0,1
875,bump,1000,1963,509424350.484,0x72370,1
875,fixed_pool,1000,5738,174276751.481,0x19c0,1
875,malloc,1000,8202,121921482.565,0x7620e,1
876,fixed_pool,1000,5579,179243592.042,0x1040,1
876,malloc,1000,8212,121773015.100,0x77e5b,1
876,bump,1000,1993,501756146.513,0x72370,1
877,malloc,1000,8162,122518990.444,0x777cb,1
877,bump,1000,2033,491883915.396,0x702f0,1
877,fixed_pool,1000,5968,167560321.716,0x1040,1
878,bump,1000,1973,506842372.022,0x702f0,1
878,fixed_pool,1000,5748,173973556.019,0x1040,1
878,malloc,1000,8192,122070312.500,0x740ef,1
879,fixed_pool,1000,5648,177053824.363,0x19c0,1
879,malloc,1000,8162,122518990.444,0x7452b,1
879,bump,1000,1993,501756146.513,0x702f0,1
880,malloc,1000,8152,122669283.611,0x75c5b,1
880,bump,1000,1993,501756146.513,0x72370,1
880,fixed_pool,1000,5978,167280026.765,0x19c0,1
881,bump,1000,1973,506842372.022,0x72370,1
881,fixed_pool,1000,5888,169836956.522,0x19c0,1
881,malloc,1000,8183,122204570.451,0x74515,1
882,fixed_pool,1000,6039,165590329.525,0x1040,1
882,malloc,1000,8212,121773015.100,0x4c47d,1
882,bump,1000,1993,501756146.513,0x72370,1
883,malloc,1000,8172,122369065.100,0x4c4c2,1
883,bump,1000,2013,496770988.574,0x702f0,1
883,fixed_pool,1000,5798,172473266.644,0x1040,1
884,bump,1000,2023,494315373.208,0x702f0,1
884,fixed_pool,1000,5618,177999288.003,0x1040,1
884,malloc,1000,8192,122070312.500,0x741df,1
885,fixed_pool,1000,5989,166972783.436,0x19c0,1
885,malloc,1000,8152,122669283.611,0x4c82c,1
885,bump,1000,1963,509424350.484,0x702f0,1
886,malloc,1000,8192,122070312.500,0x7442b,1
886,bump,1000,2013,496770988.574,0x72370,1
886,fixed_pool,1000,6100,163934426.230,0x19c0,1
887,bump,1000,1992,502008032.129,0x72370,1
887,fixed_pool,1000,6229,160539412.426,0x19c0,1
887,malloc,1000,8212,121773015.100,0x4c42c,1
888,fixed_pool,1000,5338,187336080.929,0x1040,1
888,malloc,1000,8192,122070312.500,0x74157,1
888,bump,1000,1993,501756146.513,0x72370,1
889,malloc,1000,8202,121921482.565,0x74e6d,1
889,bump,1000,2013,496770988.574,0x702f0,1
889,fixed_pool,1000,5958,167841557.570,0x1040,1
890,bump,1000,1973,506842372.022,0x702f0,1
890,fixed_pool,1000,5978,167280026.765,0x1040,1
890,malloc,1000,10917,91600256.481,0x74188,1
891,fixed_pool,1000,6019,166140554.909,0x19c0,1
891,malloc,1000,8153,122654237.704,0x7620e,1
891,bump,1000,2043,489476260.401,0x702f0,1
892,malloc,1000,8172,122369065.100,0x77e5b,1
892,bump,1000,2103,475511174.513,0x72370,1
892,fixed_pool,1000,5808,172176308.540,0x19c0,1
893,bump,1000,2053,487092060.399,0x72370,1
893,fixed_pool,1000,5918,168976005.407,0x19c0,1
893,malloc,1000,8173,122354092.744,0x777cb,1
894,fixed_pool,1000,6189,161576991.436,0x1040,1
894,malloc,1000,8182,122219506.233,0x740ef,1
894,bump,1000,2063,484730974.309,0x72370,1
895,malloc,1000,8173,122354092.744,0x7452b,1
895,bump,1000,2043,489476260.401,0x702f0,1
895,fixed_pool,1000,5739,174246384.388,0x1040,1
896,bump,1000,2093,477783086.479,0x702f0,1
896,fixed_pool,1000,5869,170386777.986,0x1040,1
896,malloc,1000,8192,122070312.500,0x75c5b,1
897,fixed_pool,1000,5909,169233372.821,0x19c0,1
897,malloc,1000,8232,121477162.293,0x74515,1
897,bump,1000,2043,489476260.401,0x702f0,1
898,malloc,1000,8202,121921482.565,0x4c47d,1
898,bump,1000,2083,480076812.290,0x72370,1
898,fixed_pool,1000,6350,157480314.961,0x19c0,1
899,bump,1000,2033,491883915.396,0x72370,1
899,fixed_pool,1000,5909,169233372.821,0x19c0,1
899,malloc,1000,8182,122219506.233,0x4c4c2,1
900,fixed_pool,1000,5528,180897250.362,0x1040,1
900,malloc,1000,23425,42689434.365,0x741df,1
900,bump,1000,2083,480076812.290,0x72370,1
901,malloc,1000,8213,121758188.238,0x4c82c,1
901,bump,1000,2053,487092060.399,0x702f0,1
901,fixed_pool,1000,6089,164230579.734,0x1040,1
902,bump,1000,1983,504286434.695,0x702f0,1
902,fixed_pool,1000,5999,166694449.075,0x1040,1
902,malloc,1000,8262,121036068.748,0x7442b,1
903,fixed_pool,1000,5959,167813391.509,0x19c0,1
903,malloc,1000,8242,121329774.327,0x4c42c,1
903,bump,1000,1973,506842372.022,0x702f0,1
904,malloc,1000,8192,122070312.500,0x74157,1
904,bump,1000,1983,504286434.695,0x72370,1
904,fixed_pool,1000,6099,163961305.132,0x19c0,1
905,bump,1000,1983,504286434.695,0x72370,1
905,fixed_pool,1000,5718,174886323.889,0x19c0,1
905,malloc,1000,8232,121477162.293,0x74e6d,1
906,fixed_pool,1000,6159,162364020.133,0x1040,1
906,malloc,1000,8162,122518990.444,0x74188,1
906,bump,1000,1983,504286434.695,0x72370,1
907,malloc,1000,8212,121773015.100,0x7620e,1
907,bump,1000,2013,496770988.574,0x702f0,1
907,fixed_pool,1000,5549,180212650.928,0x1040,1
908,bump,1000,2043,489476260.401,0x702f0,1
908,fixed_pool,1000,5668,176429075.512,0x1040,1
908,malloc,1000,8143,122804863.073,0x77e5b,1
909,fixed_pool,1000,5809,172146668.962,0x19c0,1
909,malloc,1000,8142,122819945.959,0x777cb,1
909,bump,1000,2053,487092060.399,0x702f0,1
910,malloc,1000,8172,122369065.100,0x740ef,1
910,bump,1000,2073,482392667.631,0x72370,1
910,fixed_pool,1000,6099,163961305.132,0x19c0,1
911,bump,1000,2043,489476260.401,0x72370,1
911,fixed_pool,1000,5889,169808116.828,0x19c0,1
911,malloc,1000,8182,122219506.233,0x7452b,1
912,fixed_pool,1000,5708,175192711.983,0x1040,1
912,malloc,1000,8172,122369065.100,0x75c5b,1
912,bump,1000,2073,482392667.631,0x72370,1
913,malloc,1000,8202,121921482.565,0x74515,1
913,bump,1000,2063,484730974.309,0x702f0,1
913,fixed_pool,1000,5969,167532249.958,0x1040,1
914,bump,1000,2033,491883915.396,0x702f0,1
914,fixed_pool,1000,6120,163398692.810,0x1040,1
914,malloc,1000,8162,122518990.444,0x4c47d,1
915,fixed_pool,1000,6119,163425396.307,0x19c0,1
915,malloc,1000,8193,122055413.158,0x4c4c2,1
915,bump,1000,2043,489476260.401,0x702f0,1
916,malloc,1000,8212,121773015.100,0x741df,1
916,bump,1000,2073,482392667.631,0x72370,1
916,fixed_pool,1000,6089,164230579.734,0x19c0,1
917,bump,1000,2053,487092060.399,0x72370,1
917,fixed_pool,1000,5658,176740897.844,0x19c0,1
917,malloc,1000,8232,121477162.293,0x4c82c,1
918,fixed_pool,1000,6129,163158753.467,0x1040,1
918,malloc,1000,8182,122219506.233,0x7442b,1
918,bump,1000,2054,486854917.235,0x72370,1
919,malloc,1000,8193,122055413.158,0x4c42c,1
919,bump,1000,2073,482392667.631,0x702f0,1
919,fixed_pool,1000,5298,188750471.876,0x1040,1
920,bump,1000,2063,484730974.309,0x702f0,1
920,fixed_pool,1000,5418,184569952.012,0x1040,1
920,malloc,1000,8203,121906619.529,0x74157,1
921,fixed_pool,1000,6079,164500740.253,0x19c0,1
921,malloc,1000,8162,122518990.444,0x74e6d,1
921,bump,1000,2033,491883915.396,0x702f0,1
922,malloc,1000,8162,122518990.444,0x74188,1
922,bump,1000,2073,482392667.631,0x72370,1
922,fixed_pool,1000,5919,168947457.341,0x19c0,1
923,bump,1000,2043,489476260.401,0x72370,1
923,fixed_pool,1000,5809,172146668.962,0x19c0,1
923,malloc,1000,8182,122219506.233,0x7620e,1
924,fixed_pool,1000,5588,178954903.364,0x1040,1
924,malloc,1000,8163,122503981.379,0x77e5b,1
924,bump,1000,2043,489476260.401,0x72370,1
925,malloc,1000,8182,122219506.233,0x777cb,1
925,bump,1000,2073,482392667.631,0x702f0,1
925,fixed_pool,1000,6159,162364020.133,0x1040,1
926,bump,1000,2054,486854917.235,0x702f0,1
926,fixed_pool,1000,5778,173070266.528,0x1040,1
926,malloc,1000,8203,121906619.529,0x740ef,1
927,fixed_pool,1000,5869,170386777.986,0x19c0,1
927,malloc,1000,8172,122369065.100,0x7452b,1
927,bump,1000,2083,480076812.290,0x702f0,1
928,malloc,1000,8172,122369065.100,0x75c5b,1
928,bump,1000,2053,487092060.399,0x72370,1
928,fixed_pool,1000,6039,165590329.525,0x19c0,1
929,bump,1000,2043,489476260.401,0x72370,1
929,fixed_pool,1000,5809,172146668.962,0x19c0,1
929,malloc,1000,8152,122669283.611,0x74515,1
930,fixed_pool,1000,6029,165864985.901,0x1040,1
930,malloc,1000,8213,121758188.238,0x4c47d,1
930,bump,1000,2063,484730974.309,0x72370,1
931,malloc,1000,8162,122518990.444,0x4c4c2,1
931,bump,1000,2073,482392667.631,0x702f0,1
931,fixed_pool,1000,5509,181521147.214,0x1040,1
932,bump,1000,2093,477783086.479,0x702f0,1
932,fixed_pool,1000,5628,177683013.504,0x1040,1
932,malloc,1000,8173,122354092.744,0x741df,1
933,fixed_pool,1000,5638,177367860.944,0x19c0,1
933,malloc,1000,8213,121758188.238,0x4c82c,1
933,bump,1000,2053,487092060.399,0x702f0,1
934,malloc,1000,8232,121477162.293,0x7442b,1
934,bump,1000,2083,480076812.290,0x72370,1
934,fixed_pool,1000,5839,171262202.432,0x19c0,1
935,bump,1000,2043,489476260.401,0x72370,1
935,fixed_pool,1000,5789,172741406.115,0x19c0,1
935,malloc,1000,8242,121329774.327,0x4c42c,1
936,fixed_pool,1000,5338,187336080.929,0x1040,1
936,malloc,1000,8232,121477162.293,0x74157,1
936,bump,1000,2043,489476260.401,0x72370,1
937,malloc,1000,8212,121773015.100,0x74e6d,1
937,bump,1000,2064,484496124.031,0x702f0,1
937,fixed_pool,1000,5849,170969396.478,0x1040,1
938,bump,1000,2043,489476260.401,0x702f0,1
938,fixed_pool,1000,6119,163425396.307,0x1040,1
938,malloc,1000,8222,121624908.781,0x74188,1
939,fixed_pool,1000,5808,172176308.540,0x19c0,1
939,malloc,1000,8203,121906619.529,0x7620e,1
939,bump,1000,2063,484730974.309,0x702f0,1
940,malloc,1000,8162,122518990.444,0x77e5b,1
940,bump,1000,2073,482392667.631,0x72370,1
940,fixed_pool,1000,5909,169233372.821,0x19c0,1
941,bump,1000,2023,494315373.208,0x72370,1
941,fixed_pool,1000,5869,170386777.986,0x19c0,1
941,malloc,1000,8172,122369065.100,0x777cb,1
942,fixed_pool,1000,6039,165590329.525,0x1040,1
942,malloc,1000,8162,122518990.444,0x740ef,1
942,bump,1000,2053,487092060.399,0x72370,1
943,malloc,1000,8182,122219506.233,0x7452b,1
943,bump,1000,2043,489476260.401,0x702f0,1
943,fixed_pool,1000,5728,174581005.587,0x1040,1
944,bump,1000,2043,489476260.401,0x702f0,1
944,fixed_pool,1000,5669,176397953.784,0x1040,1
944,malloc,1000,8222,121624908.781,0x75c5b,1
945,fixed_pool,1000,5888,169836956.522,0x19c0,1
945,malloc,1000,8193,122055413.158,0x74515,1
945,bump,1000,2043,489476260.401,0x702f0,1
946,malloc,1000,8172,122369065.100,0x4c47d,1
946,bump,1000,2023,494315373.208,0x72370,1
946,fixed_pool,1000,5939,168378514.901,0x19c0,1
947,bump,1000,2043,489476260.401,0x72370,1
947,fixed_pool,1000,5879,170096955.265,0x19c0,1
947,malloc,1000,8192,122070312.500,0x4c4c2,1
948,fixed_pool,1000,5218,191644308.164,0x1040,1
948,malloc,1000,8172,122369065.100,0x741df,1
948,bump,1000,2053,487092060.399,0x72370,1
949,malloc,1000,8242,121329774.327,0x4c82c,1
949,bump,1000,2034,491642084.562,0x702f0,1
949,fixed_pool,1000,6109,163692912.097,0x1040,1
950,bump,1000,2043,489476260.401,0x702f0,1
950,fixed_pool,1000,6049,165316581.253,0x1040,1
950,malloc,1000,8232,121477162.293,0x7442b,1
951,fixed_pool,1000,5648,177053824.363,0x19c0,1
951,malloc,1000,17747,56347551.699,0x4c42c,1
951,bump,1000,2053,487092060.399,0x702f0,1
952,malloc,1000,8172,122369065.100,0x74157,1
952,bump,1000,2053,487092060.399,0x72370,1
952,fixed_pool,1000,5939,168378514.901,0x19c0,1
953,bump,1000,2003,499251123.315,0x72370,1
953,fixed_pool,1000,5969,167532249.958,0x19c0,1
953,malloc,1000,8182,122219506.233,0x74e6d,1
954,fixed_pool,1000,5939,168378514.901,0x1040,1
954,malloc,1000,8182,122219506.233,0x74188,1
954,bump,1000,1973,506842372.022,0x72370,1
955,malloc,1000,8173,122354092.744,0x7620e,1
955,bump,1000,1993,501756146.513,0x702f0,1
955,fixed_pool,1000,5548,180245133.381,0x1040,1
956,bump,1000,2023,494315373.208,0x702f0,1
956,fixed_pool,1000,5528,180897250.362,0x1040,1
956,malloc,1000,8162,122518990.444,0x77e5b,1
957,fixed_pool,1000,5889,169808116.828,0x19c0,1
957,malloc,1000,8192,122070312.500,0x777cb,1
957,bump,1000,2033,491883915.396,0x702f0,1
958,malloc,1000,8162,122518990.444,0x740ef,1
958,bump,1000,2033,491883915.396,0x72370,1
958,fixed_pool,1000,6059,165043736.590,0x19c0,1
959,bump,1000,1943,514668039.115,0x72370,1
959,fixed_pool,1000,5899,169520257.671,0x19c0,1
959,malloc,1000,8222,121624908.781,0x7452b,1
960,fixed_pool,1000,5928,168690958.165,0x1040,1
960,malloc,1000,8173,122354092.744,0x75c5b,1
960,bump,1000,2093,477783086.479,0x72370,1
961,malloc,1000,8212,121773015.100,0x74515,1
961,bump,1000,2003,499251123.315,0x702f0,1
961,fixed_pool,1000,6210,161030595.813,0x1040,1
962,bump,1000,1963,509424350.484,0x702f0,1
962,fixed_pool,1000,6339,157753588.894,0x1040,1
962,malloc,1000,8203,121906619.529,0x4c47d,1
963,fixed_pool,1000,6089,164230579.734,0x19c0,1
963,malloc,1000,8192,122070312.500,0x4c4c2,1
963,bump,1000,2023,494315373.208,0x702f0,1
964,malloc,1000,8172,122369065.100,0x741df,1
964,bump,1000,2013,496770988.574,0x72370,1
964,fixed_pool,1000,6069,164771791.069,0x19c0,1
965,bump,1000,1963,509424350.484,0x72370,1
965,fixed_pool,1000,6119,163425396.307,0x19c0,1
965,malloc,1000,8212,121773015.100,0x4c82c,1
966,fixed_pool,1000,5898,169548999.661,0x1040,1
966,malloc,1000,8193,122055413.158,0x7442b,1
966,bump,1000,2003,499251123.315,0x72370,1
967,malloc,1000,8212,121773015.100,0x4c42c,1
967,bump,1000,1993,501756146.513,0x702f0,1
967,fixed_pool,1000,5488,182215743.440,0x1040,1
968,bump,1000,2023,494315373.208,0x702f0,1
968,fixed_pool,1000,5458,183217295.713,0x1040,1
968,malloc,1000,8222,121624908.781,0x74157,1
969,fixed_pool,1000,5908,169262017.603,0x19c0,1
969,malloc,1000,8143,122804863.073,0x74e6d,1
969,bump,1000,1973,506842372.022,0x702f0,1
970,malloc,1000,8152,122669283.611,0x74188,1
970,bump,1000,2023,494315373.208,0x72370,1
970,fixed_pool,1000,5849,170969396.478,0x19c0,1
971,bump,1000,1993,501756146.513,0x72370,1
971,fixed_pool,1000,5959,167813391.509,0x19c0,1
971,malloc,1000,8202,121921482.565,0x7620e,1
972,fixed_pool,1000,5558,179920834.833,0x1040,1
972,malloc,1000,8132,122970978.849,0x77e5b,1
972,bump,1000,1973,506842372.022,0x72370,1
973,malloc,1000,8182,122219506.233,0x777cb,1
973,bump,1000,2003,499251123.315,0x702f0,1
973,fixed_pool,1000,6259,159769931.299,0x1040,1
974,bump,1000,2013,496770988.574,0x702f0,1
974,fixed_pool,1000,5809,172146668.962,0x1040,1
974,malloc,1000,8192,122070312.500,0x740ef,1
975,fixed_pool,1000,6069,164771791.069,0x19c0,1
975,malloc,1000,8222,121624908.781,0x7452b,1
975,bump,1000,2013,496770988.574,0x702f0,1
976,malloc,1000,9113,109733347.964,0x75c5b,1
976,bump,1000,2013,496770988.574,0x72370,1
976,fixed_pool,1000,5989,166972783.436,0x19c0,1
977,bump,1000,1993,501756146.513,0x72370,1
977,fixed_pool,1000,5949,168095478.232,0x19c0,1
977,malloc,1000,8172,122369065.100,0x74515,1
978,fixed_pool,1000,6139,162892979.313,0x1040,1
978,malloc,1000,8192,122070312.500,0x4c47d,1
978,bump,1000,1993,501756146.513,0x72370,1
979,malloc,1000,8202,121921482.565,0x4c4c2,1
979,bump,1000,2003,499251123.315,0x702f0,1
979,fixed_pool,1000,5778,173070266.528,0x1040,1
980,bump,1000,1943,514668039.115,0x702f0,1
980,fixed_pool,1000,5348,186985789.080,0x1040,1
980,malloc,1000,8202,121921482.565,0x741df,1
981,fixed_pool,1000,5789,172741406.115,0x19c0,1
981,malloc,1000,8182,122219506.233,0x4c82c,1
981,bump,1000,1983,504286434.695,0x702f0,1
982,malloc,1000,8182,122219506.233,0x7442b,1
982,bump,1000,1993,501756146.513,0x72370,1
982,fixed_pool,1000,6049,165316581.253,0x19c0,1
983,bump,1000,1963,509424350.484,0x72370,1
983,fixed_pool,1000,5738,174276751.481,0x19c0,1
983,malloc,1000,8222,121624908.781,0x4c42c,1
984,fixed_pool,1000,5538,180570603.106,0x1040,1
984,malloc,1000,8142,122819945.959,0x74157,1
984,bump,1000,2023,494315373.208,0x72370,1
985,malloc,1000,8222,121624908.781,0x74e6d,1
985,bump,1000,1963,509424350.484,0x702f0,1
985,fixed_pool,1000,5919,168947457.341,0x1040,1
986,bump,1000,1973,506842372.022,0x702f0,1
986,fixed_pool,1000,5919,168947457.341,0x1040,1
986,malloc,1000,8232,121477162.293,0x74188,1
987,fixed_pool,1000,5739,174246384.388,0x19c0,1
987,malloc,1000,8172,122369065.100,0x7620e,1
987,bump,1000,1993,501756146.513,0x702f0,1
988,malloc,1000,8172,122369065.100,0x77e5b,1
988,bump,1000,1973,506842372.022,0x72370,1
988,fixed_pool,1000,5959,167813391.509,0x19c0,1
989,bump,1000,1973,506842372.022,0x72370,1
989,fixed_pool,1000,5959,167813391.509,0x19c0,1
989,malloc,1000,8132,122970978.849,0x777cb,1
990,fixed_pool,1000,5708,175192711.983,0x1040,1
990,malloc,1000,8212,121773015.100,0x740ef,1
990,bump,1000,2013,496770988.574,0x72370,1
991,malloc,1000,8203,121906619.529,0x7452b,1
991,bump,1000,1993,501756146.513,0x702f0,1
991,fixed_pool,1000,5859,170677590.032,0x1040,1
992,bump,1000,1983,504286434.695,0x702f0,1
992,fixed_pool,1000,5649,177022481.855,0x1040,1
992,malloc,1000,8202,121921482.565,0x75c5b,1
993,fixed_pool,1000,5999,166694449.075,0x19c0,1
993,malloc,1000,8152,122669283.611,0x74515,1
993,bump,1000,2013,496770988.574,0x702f0,1
994,malloc,1000,8213,121758188.238,0x4c47d,1
994,bump,1000,1973,506842372.022,0x72370,1
994,fixed_pool,1000,5949,168095478.232,0x19c0,1
995,bump,1000,1963,509424350.484,0x72370,1
995,fixed_pool,1000,5849,170969396.478,0x19c0,1
995,malloc,1000,8192,122070312.500,0x4c4c2,1
996,fixed_pool,1000,5599,178603322.022,0x1040,1
996,malloc,1000,8192,122070312.500,0x741df,1
996,bump,1000,1983,504286434.695,0x72370,1
997,malloc,1000,8152,122669283.611,0x4c82c,1
997,bump,1000,2013,496770988.574,0x702f0,1
997,fixed_pool,1000,6069,164771791.069,0x1040,1
998,bump,1000,2003,499251123.315,0x702f0,1
998,fixed_pool,1000,5538,180570603.106,0x1040,1
998,malloc,1000,8172,122369065.100,0x7442b,1
999,fixed_pool,1000,5799,172443524.746,0x19c0,1
999,malloc,1000,8202,121921482.565,0x4c42c,1
999,bump,1000,2003,499251123.315,0x702f0,1
