allocator,operation_index,op_type,object_id,requested_size,success,live_objects,live_requested_bytes,retained_bytes,internal_waste_bytes,unreclaimed_dead_bytes,cumulative_allocation_failures
fixed_pool,1,alloc,0,256,1,1,256,256,0,0,0
fixed_pool,2,alloc,1,256,1,2,512,512,0,0,0
fixed_pool,3,alloc,2,256,1,3,768,768,0,0,0
fixed_pool,4,free,0,0,1,2,512,512,0,0,0
fixed_pool,5,alloc,3,256,1,3,768,768,0,0,0
fixed_pool,6,alloc,4,256,1,4,1024,1024,0,0,0
fixed_pool,7,alloc,5,256,1,5,1280,1280,0,0,0
fixed_pool,8,free,1,0,1,4,1024,1024,0,0,0
fixed_pool,9,alloc,6,256,1,5,1280,1280,0,0,0
fixed_pool,10,alloc,7,256,1,6,1536,1536,0,0,0
fixed_pool,11,alloc,8,256,1,7,1792,1792,0,0,0
fixed_pool,12,free,2,0,1,6,1536,1536,0,0,0
fixed_pool,13,alloc,9,256,1,7,1792,1792,0,0,0
fixed_pool,14,alloc,10,256,1,8,2048,2048,0,0,0
fixed_pool,15,alloc,11,256,1,9,2304,2304,0,0,0
fixed_pool,16,free,3,0,1,8,2048,2048,0,0,0
fixed_pool,17,alloc,12,256,1,9,2304,2304,0,0,0
fixed_pool,18,alloc,13,256,1,10,2560,2560,0,0,0
fixed_pool,19,alloc,14,256,1,11,2816,2816,0,0,0
fixed_pool,20,free,4,0,1,10,2560,2560,0,0,0
fixed_pool,21,alloc,15,256,1,11,2816,2816,0,0,0
fixed_pool,22,alloc,16,256,1,12,3072,3072,0,0,0
fixed_pool,23,alloc,17,256,1,13,3328,3328,0,0,0
fixed_pool,24,free,5,0,1,12,3072,3072,0,0,0
fixed_pool,25,alloc,18,256,1,13,3328,3328,0,0,0
fixed_pool,26,alloc,19,256,1,14,3584,3584,0,0,0
fixed_pool,27,alloc,20,256,1,15,3840,3840,0,0,0
fixed_pool,28,free,6,0,1,14,3584,3584,0,0,0
fixed_pool,29,alloc,21,256,1,15,3840,3840,0,0,0
fixed_pool,30,alloc,22,256,1,16,4096,4096,0,0,0
fixed_pool,31,alloc,23,256,1,17,4352,4352,0,0,0
fixed_pool,32,free,7,0,1,16,4096,4096,0,0,0
fixed_pool,33,alloc,24,256,1,17,4352,4352,0,0,0
fixed_pool,34,alloc,25,256,1,18,4608,4608,0,0,0
fixed_pool,35,alloc,26,256,1,19,4864,4864,0,0,0
fixed_pool,36,free,8,0,1,18,4608,4608,0,0,0
fixed_pool,37,alloc,27,256,1,19,4864,4864,0,0,0
fixed_pool,38,alloc,28,256,1,20,5120,5120,0,0,0
fixed_pool,39,alloc,29,256,1,21,5376,5376,0,0,0
fixed_pool,40,free,9,0,1,20,5120,5120,0,0,0
fixed_pool,41,alloc,30,256,1,21,5376,5376,0,0,0
fixed_pool,42,alloc,31,256,1,22,5632,5632,0,0,0
fixed_pool,43,alloc,32,256,1,23,5888,5888,0,0,0
fixed_pool,44,free,10,0,1,22,5632,5632,0,0,0
fixed_pool,45,alloc,33,256,1,23,5888,5888,0,0,0
fixed_pool,46,alloc,34,256,1,24,6144,6144,0,0,0
fixed_pool,47,alloc,35,256,1,25,6400,6400,0,0,0
fixed_pool,48,free,11,0,1,24,6144,6144,0,0,0
fixed_pool,49,alloc,36,256,1,25,6400,6400,0,0,0
fixed_pool,50,alloc,37,256,1,26,6656,6656,0,0,0
fixed_pool,51,alloc,38,256,1,27,6912,6912,0,0,0
fixed_pool,52,free,12,0,1,26,6656,6656,0,0,0
fixed_pool,53,alloc,39,256,1,27,6912,6912,0,0,0
fixed_pool,54,alloc,40,256,1,28,7168,7168,0,0,0
fixed_pool,55,alloc,41,256,1,29,7424,7424,0,0,0
fixed_pool,56,free,13,0,1,28,7168,7168,0,0,0
fixed_pool,57,alloc,42,256,1,29,7424,7424,0,0,0
fixed_pool,58,alloc,43,256,1,30,7680,7680,0,0,0
fixed_pool,59,alloc,44,256,1,31,7936,7936,0,0,0
fixed_pool,60,free,14,0,1,30,7680,7680,0,0,0
fixed_pool,61,alloc,45,256,1,31,7936,7936,0,0,0
fixed_pool,62,alloc,46,256,1,32,8192,8192,0,0,0
fixed_pool,63,alloc,47,256,1,33,8448,8448,0,0,0
fixed_pool,64,free,15,0,1,32,8192,8192,0,0,0
fixed_pool,65,alloc,48,256,1,33,8448,8448,0,0,0
fixed_pool,66,alloc,49,256,1,34,8704,8704,0,0,0
fixed_pool,67,alloc,50,256,1,35,8960,8960,0,0,0
fixed_pool,68,free,16,0,1,34,8704,8704,0,0,0
fixed_pool,69,alloc,51,256,1,35,8960,8960,0,0,0
fixed_pool,70,alloc,52,256,1,36,9216,9216,0,0,0
fixed_pool,71,alloc,53,256,1,37,9472,9472,0,0,0
fixed_pool,72,free,17,0,1,36,9216,9216,0,0,0
fixed_pool,73,alloc,54,256,1,37,9472,9472,0,0,0
fixed_pool,74,alloc,55,256,1,38,9728,9728,0,0,0
fixed_pool,75,alloc,56,256,1,39,9984,9984,0,0,0
fixed_pool,76,free,18,0,1,38,9728,9728,0,0,0
fixed_pool,77,alloc,57,256,1,39,9984,9984,0,0,0
fixed_pool,78,alloc,58,256,1,40,10240,10240,0,0,0
fixed_pool,79,alloc,59,256,1,41,10496,10496,0,0,0
fixed_pool,80,free,19,0,1,40,10240,10240,0,0,0
fixed_pool,81,alloc,60,256,1,41,10496,10496,0,0,0
fixed_pool,82,alloc,61,256,1,42,10752,10752,0,0,0
fixed_pool,83,alloc,62,256,1,43,11008,11008,0,0,0
fixed_pool,84,free,20,0,1,42,10752,10752,0,0,0
fixed_pool,85,alloc,63,256,1,43,11008,11008,0,0,0
fixed_pool,86,alloc,64,256,1,44,11264,11264,0,0,0
fixed_pool,87,alloc,65,256,1,45,11520,11520,0,0,0
fixed_pool,88,free,21,0,1,44,11264,11264,0,0,0
fixed_pool,89,alloc,66,256,1,45,11520,11520,0,0,0
fixed_pool,90,alloc,67,256,1,46,11776,11776,0,0,0
fixed_pool,91,alloc,68,256,1,47,12032,12032,0,0,0
fixed_pool,92,free,22,0,1,46,11776,11776,0,0,0
fixed_pool,93,alloc,69,256,1,47,12032,12032,0,0,0
fixed_pool,94,alloc,70,256,1,48,12288,12288,0,0,0
fixed_pool,95,alloc,71,256,1,49,12544,12544,0,0,0
fixed_pool,96,free,23,0,1,48,12288,12288,0,0,0
fixed_pool,97,alloc,72,256,1,49,12544,12544,0,0,0
fixed_pool,98,alloc,73,256,1,50,12800,12800,0,0,0
fixed_pool,99,alloc,74,256,1,51,13056,13056,0,0,0
fixed_pool,100,free,24,0,1,50,12800,12800,0,0,0
fixed_pool,101,alloc,75,256,1,51,13056,13056,0,0,0
fixed_pool,102,alloc,76,256,1,52,13312,13312,0,0,0
fixed_pool,103,alloc,77,256,1,53,13568,13568,0,0,0
fixed_pool,104,free,25,0,1,52,13312,13312,0,0,0
fixed_pool,105,alloc,78,256,1,53,13568,13568,0,0,0
fixed_pool,106,alloc,79,256,1,54,13824,13824,0,0,0
fixed_pool,107,alloc,80,256,1,55,14080,14080,0,0,0
fixed_pool,108,free,26,0,1,54,13824,13824,0,0,0
fixed_pool,109,alloc,81,256,1,55,14080,14080,0,0,0
fixed_pool,110,alloc,82,256,1,56,14336,14336,0,0,0
fixed_pool,111,alloc,83,256,1,57,14592,14592,0,0,0
fixed_pool,112,free,27,0,1,56,14336,14336,0,0,0
fixed_pool,113,alloc,84,256,1,57,14592,14592,0,0,0
fixed_pool,114,alloc,85,256,1,58,14848,14848,0,0,0
fixed_pool,115,alloc,86,256,1,59,15104,15104,0,0,0
fixed_pool,116,free,28,0,1,58,14848,14848,0,0,0
fixed_pool,117,alloc,87,256,1,59,15104,15104,0,0,0
fixed_pool,118,alloc,88,256,1,60,15360,15360,0,0,0
fixed_pool,119,alloc,89,256,1,61,15616,15616,0,0,0
fixed_pool,120,free,29,0,1,60,15360,15360,0,0,0
fixed_pool,121,alloc,90,256,1,61,15616,15616,0,0,0
fixed_pool,122,alloc,91,256,1,62,15872,15872,0,0,0
fixed_pool,123,alloc,92,256,1,63,16128,16128,0,0,0
fixed_pool,124,free,30,0,1,62,15872,15872,0,0,0
fixed_pool,125,alloc,93,256,1,63,16128,16128,0,0,0
fixed_pool,126,alloc,94,256,1,64,16384,16384,0,0,0
fixed_pool,127,alloc,95,256,1,65,16640,16640,0,0,0
fixed_pool,128,free,31,0,1,64,16384,16384,0,0,0
fixed_pool,129,alloc,96,256,1,65,16640,16640,0,0,0
fixed_pool,130,alloc,97,256,1,66,16896,16896,0,0,0
fixed_pool,131,alloc,98,256,1,67,17152,17152,0,0,0
fixed_pool,132,free,32,0,1,66,16896,16896,0,0,0
fixed_pool,133,alloc,99,256,1,67,17152,17152,0,0,0
fixed_pool,134,alloc,100,256,1,68,17408,17408,0,0,0
fixed_pool,135,alloc,101,256,1,69,17664,17664,0,0,0
fixed_pool,136,free,33,0,1,68,17408,17408,0,0,0
fixed_pool,137,alloc,102,256,1,69,17664,17664,0,0,0
fixed_pool,138,alloc,103,256,1,70,17920,17920,0,0,0
fixed_pool,139,alloc,104,256,1,71,18176,18176,0,0,0
fixed_pool,140,free,34,0,1,70,17920,17920,0,0,0
fixed_pool,141,alloc,105,256,1,71,18176,18176,0,0,0
fixed_pool,142,alloc,106,256,1,72,18432,18432,0,0,0
fixed_pool,143,alloc,107,256,1,73,18688,18688,0,0,0
fixed_pool,144,free,35,0,1,72,18432,18432,0,0,0
fixed_pool,145,alloc,108,256,1,73,18688,18688,0,0,0
fixed_pool,146,alloc,109,256,1,74,18944,18944,0,0,0
fixed_pool,147,alloc,110,256,1,75,19200,19200,0,0,0
fixed_pool,148,free,36,0,1,74,18944,18944,0,0,0
fixed_pool,149,alloc,111,256,1,75,19200,19200,0,0,0
fixed_pool,150,alloc,112,256,1,76,19456,19456,0,0,0
fixed_pool,151,alloc,113,256,1,77,19712,19712,0,0,0
fixed_pool,152,free,37,0,1,76,19456,19456,0,0,0
fixed_pool,153,alloc,114,256,1,77,19712,19712,0,0,0
fixed_pool,154,alloc,115,256,1,78,19968,19968,0,0,0
fixed_pool,155,alloc,116,256,1,79,20224,20224,0,0,0
fixed_pool,156,free,38,0,1,78,19968,19968,0,0,0
fixed_pool,157,alloc,117,256,1,79,20224,20224,0,0,0
fixed_pool,158,alloc,118,256,1,80,20480,20480,0,0,0
fixed_pool,159,alloc,119,256,1,81,20736,20736,0,0,0
fixed_pool,160,free,39,0,1,80,20480,20480,0,0,0
fixed_pool,161,alloc,120,256,1,81,20736,20736,0,0,0
fixed_pool,162,alloc,121,256,1,82,20992,20992,0,0,0
fixed_pool,163,alloc,122,256,1,83,21248,21248,0,0,0
fixed_pool,164,free,40,0,1,82,20992,20992,0,0,0
fixed_pool,165,alloc,123,256,1,83,21248,21248,0,0,0
fixed_pool,166,alloc,124,256,1,84,21504,21504,0,0,0
fixed_pool,167,alloc,125,256,1,85,21760,21760,0,0,0
fixed_pool,168,free,41,0,1,84,21504,21504,0,0,0
fixed_pool,169,alloc,126,256,1,85,21760,21760,0,0,0
fixed_pool,170,alloc,127,256,1,86,22016,22016,0,0,0
fixed_pool,171,alloc,128,256,1,87,22272,22272,0,0,0
fixed_pool,172,free,42,0,1,86,22016,22016,0,0,0
fixed_pool,173,alloc,129,256,1,87,22272,22272,0,0,0
fixed_pool,174,alloc,130,256,1,88,22528,22528,0,0,0
fixed_pool,175,alloc,131,256,1,89,22784,22784,0,0,0
fixed_pool,176,free,43,0,1,88,22528,22528,0,0,0
fixed_pool,177,alloc,132,256,1,89,22784,22784,0,0,0
fixed_pool,178,alloc,133,256,1,90,23040,23040,0,0,0
fixed_pool,179,alloc,134,256,1,91,23296,23296,0,0,0
fixed_pool,180,free,44,0,1,90,23040,23040,0,0,0
fixed_pool,181,alloc,135,256,1,91,23296,23296,0,0,0
fixed_pool,182,alloc,136,256,1,92,23552,23552,0,0,0
fixed_pool,183,alloc,137,256,1,93,23808,23808,0,0,0
fixed_pool,184,free,45,0,1,92,23552,23552,0,0,0
fixed_pool,185,alloc,138,256,1,93,23808,23808,0,0,0
fixed_pool,186,alloc,139,256,1,94,24064,24064,0,0,0
fixed_pool,187,alloc,140,256,1,95,24320,24320,0,0,0
fixed_pool,188,free,46,0,1,94,24064,24064,0,0,0
fixed_pool,189,alloc,141,256,1,95,24320,24320,0,0,0
fixed_pool,190,alloc,142,256,1,96,24576,24576,0,0,0
fixed_pool,191,alloc,143,256,1,97,24832,24832,0,0,0
fixed_pool,192,free,47,0,1,96,24576,24576,0,0,0
fixed_pool,193,alloc,144,256,1,97,24832,24832,0,0,0
fixed_pool,194,alloc,145,256,1,98,25088,25088,0,0,0
fixed_pool,195,alloc,146,256,1,99,25344,25344,0,0,0
fixed_pool,196,free,48,0,1,98,25088,25088,0,0,0
fixed_pool,197,alloc,147,256,1,99,25344,25344,0,0,0
fixed_pool,198,alloc,148,256,1,100,25600,25600,0,0,0
fixed_pool,199,alloc,149,256,1,101,25856,25856,0,0,0
fixed_pool,200,free,49,0,1,100,25600,25600,0,0,0
fixed_pool,201,alloc,150,256,1,101,25856,25856,0,0,0
fixed_pool,202,alloc,151,256,1,102,26112,26112,0,0,0
fixed_pool,203,alloc,152,256,1,103,26368,26368,0,0,0
fixed_pool,204,free,50,0,1,102,26112,26112,0,0,0
fixed_pool,205,alloc,153,256,1,103,26368,26368,0,0,0
fixed_pool,206,alloc,154,256,1,104,26624,26624,0,0,0
fixed_pool,207,alloc,155,256,1,105,26880,26880,0,0,0
fixed_pool,208,free,51,0,1,104,26624,26624,0,0,0
fixed_pool,209,alloc,156,256,1,105,26880,26880,0,0,0
fixed_pool,210,alloc,157,256,1,106,27136,27136,0,0,0
fixed_pool,211,alloc,158,256,1,107,27392,27392,0,0,0
fixed_pool,212,free,52,0,1,106,27136,27136,0,0,0
fixed_pool,213,alloc,159,256,1,107,27392,27392,0,0,0
fixed_pool,214,alloc,160,256,1,108,27648,27648,0,0,0
fixed_pool,215,alloc,161,256,1,109,27904,27904,0,0,0
fixed_pool,216,free,53,0,1,108,27648,27648,0,0,0
fixed_pool,217,alloc,162,256,1,109,27904,27904,0,0,0
fixed_pool,218,alloc,163,256,1,110,28160,28160,0,0,0
fixed_pool,219,alloc,164,256,1,111,28416,28416,0,0,0
fixed_pool,220,free,54,0,1,110,28160,28160,0,0,0
fixed_pool,221,alloc,165,256,1,111,28416,28416,0,0,0
fixed_pool,222,alloc,166,256,1,112,28672,28672,0,0,0
fixed_pool,223,alloc,167,256,1,113,28928,28928,0,0,0
fixed_pool,224,free,55,0,1,112,28672,28672,0,0,0
fixed_pool,225,alloc,168,256,1,113,28928,28928,0,0,0
fixed_pool,226,alloc,169,256,1,114,29184,29184,0,0,0
fixed_pool,227,alloc,170,256,1,115,29440,29440,0,0,0
fixed_pool,228,free,56,0,1,114,29184,29184,0,0,0
fixed_pool,229,alloc,171,256,1,115,29440,29440,0,0,0
fixed_pool,230,alloc,172,256,1,116,29696,29696,0,0,0
fixed_pool,231,alloc,173,256,1,117,29952,29952,0,0,0
fixed_pool,232,free,57,0,1,116,29696,29696,0,0,0
fixed_pool,233,alloc,174,256,1,117,29952,29952,0,0,0
fixed_pool,234,alloc,175,256,1,118,30208,30208,0,0,0
fixed_pool,235,alloc,176,256,1,119,30464,30464,0,0,0
fixed_pool,236,free,58,0,1,118,30208,30208,0,0,0
fixed_pool,237,alloc,177,256,1,119,30464,30464,0,0,0
fixed_pool,238,alloc,178,256,1,120,30720,30720,0,0,0
fixed_pool,239,alloc,179,256,1,121,30976,30976,0,0,0
fixed_pool,240,free,59,0,1,120,30720,30720,0,0,0
fixed_pool,241,alloc,180,256,1,121,30976,30976,0,0,0
fixed_pool,242,alloc,181,256,1,122,31232,31232,0,0,0
fixed_pool,243,alloc,182,256,1,123,31488,31488,0,0,0
fixed_pool,244,free,60,0,1,122,31232,31232,0,0,0
fixed_pool,245,alloc,183,256,1,123,31488,31488,0,0,0
fixed_pool,246,alloc,184,256,1,124,31744,31744,0,0,0
fixed_pool,247,alloc,185,256,1,125,32000,32000,0,0,0
fixed_pool,248,free,61,0,1,124,31744,31744,0,0,0
fixed_pool,249,alloc,186,256,1,125,32000,32000,0,0,0
fixed_pool,250,alloc,187,256,1,126,32256,32256,0,0,0
fixed_pool,251,alloc,188,256,1,127,32512,32512,0,0,0
fixed_pool,252,free,62,0,1,126,32256,32256,0,0,0
fixed_pool,253,alloc,189,256,1,127,32512,32512,0,0,0
fixed_pool,254,alloc,190,256,1,128,32768,32768,0,0,0
fixed_pool,255,alloc,191,256,1,129,33024,33024,0,0,0
fixed_pool,256,free,63,0,1,128,32768,32768,0,0,0
fixed_pool,257,alloc,192,256,1,129,33024,33024,0,0,0
fixed_pool,258,alloc,193,256,1,130,33280,33280,0,0,0
fixed_pool,259,alloc,194,256,1,131,33536,33536,0,0,0
fixed_pool,260,free,64,0,1,130,33280,33280,0,0,0
fixed_pool,261,alloc,195,256,1,131,33536,33536,0,0,0
fixed_pool,262,alloc,196,256,1,132,33792,33792,0,0,0
fixed_pool,263,alloc,197,256,1,133,34048,34048,0,0,0
fixed_pool,264,free,65,0,1,132,33792,33792,0,0,0
fixed_pool,265,alloc,198,256,1,133,34048,34048,0,0,0
fixed_pool,266,alloc,199,256,1,134,34304,34304,0,0,0
fixed_pool,267,alloc,200,256,1,135,34560,34560,0,0,0
fixed_pool,268,free,66,0,1,134,34304,34304,0,0,0
fixed_pool,269,alloc,201,256,1,135,34560,34560,0,0,0
fixed_pool,270,alloc,202,256,1,136,34816,34816,0,0,0
fixed_pool,271,alloc,203,256,1,137,35072,35072,0,0,0
fixed_pool,272,free,67,0,1,136,34816,34816,0,0,0
fixed_pool,273,alloc,204,256,1,137,35072,35072,0,0,0
fixed_pool,274,alloc,205,256,1,138,35328,35328,0,0,0
fixed_pool,275,alloc,206,256,1,139,35584,35584,0,0,0
fixed_pool,276,free,68,0,1,138,35328,35328,0,0,0
fixed_pool,277,alloc,207,256,1,139,35584,35584,0,0,0
fixed_pool,278,alloc,208,256,1,140,35840,35840,0,0,0
fixed_pool,279,alloc,209,256,1,141,36096,36096,0,0,0
fixed_pool,280,free,69,0,1,140,35840,35840,0,0,0
fixed_pool,281,alloc,210,256,1,141,36096,36096,0,0,0
fixed_pool,282,alloc,211,256,1,142,36352,36352,0,0,0
fixed_pool,283,alloc,212,256,1,143,36608,36608,0,0,0
fixed_pool,284,free,70,0,1,142,36352,36352,0,0,0
fixed_pool,285,alloc,213,256,1,143,36608,36608,0,0,0
fixed_pool,286,alloc,214,256,1,144,36864,36864,0,0,0
fixed_pool,287,alloc,215,256,1,145,37120,37120,0,0,0
fixed_pool,288,free,71,0,1,144,36864,36864,0,0,0
fixed_pool,289,alloc,216,256,1,145,37120,37120,0,0,0
fixed_pool,290,alloc,217,256,1,146,37376,37376,0,0,0
fixed_pool,291,alloc,218,256,1,147,37632,37632,0,0,0
fixed_pool,292,free,72,0,1,146,37376,37376,0,0,0
fixed_pool,293,alloc,219,256,1,147,37632,37632,0,0,0
fixed_pool,294,alloc,220,256,1,148,37888,37888,0,0,0
fixed_pool,295,alloc,221,256,1,149,38144,38144,0,0,0
fixed_pool,296,free,73,0,1,148,37888,37888,0,0,0
fixed_pool,297,alloc,222,256,1,149,38144,38144,0,0,0
fixed_pool,298,alloc,223,256,1,150,38400,38400,0,0,0
fixed_pool,299,alloc,224,256,1,151,38656,38656,0,0,0
fixed_pool,300,free,74,0,1,150,38400,38400,0,0,0
fixed_pool,301,alloc,225,256,1,151,38656,38656,0,0,0
fixed_pool,302,alloc,226,256,1,152,38912,38912,0,0,0
fixed_pool,303,alloc,227,256,1,153,39168,39168,0,0,0
fixed_pool,304,free,75,0,1,152,38912,38912,0,0,0
fixed_pool,305,alloc,228,256,1,153,39168,39168,0,0,0
fixed_pool,306,alloc,229,256,1,154,39424,39424,0,0,0
fixed_pool,307,alloc,230,256,1,155,39680,39680,0,0,0
fixed_pool,308,free,76,0,1,154,39424,39424,0,0,0
fixed_pool,309,alloc,231,256,1,155,39680,39680,0,0,0
fixed_pool,310,alloc,232,256,1,156,39936,39936,0,0,0
fixed_pool,311,alloc,233,256,1,157,40192,40192,0,0,0
fixed_pool,312,free,77,0,1,156,39936,39936,0,0,0
fixed_pool,313,alloc,234,256,1,157,40192,40192,0,0,0
fixed_pool,314,alloc,235,256,1,158,40448,40448,0,0,0
fixed_pool,315,alloc,236,256,1,159,40704,40704,0,0,0
fixed_pool,316,free,78,0,1,158,40448,40448,0,0,0
fixed_pool,317,alloc,237,256,1,159,40704,40704,0,0,0
fixed_pool,318,alloc,238,256,1,160,40960,40960,0,0,0
fixed_pool,319,alloc,239,256,1,161,41216,41216,0,0,0
fixed_pool,320,free,79,0,1,160,40960,40960,0,0,0
fixed_pool,321,alloc,240,256,1,161,41216,41216,0,0,0
fixed_pool,322,alloc,241,256,1,162,41472,41472,0,0,0
fixed_pool,323,alloc,242,256,1,163,41728,41728,0,0,0
fixed_pool,324,free,80,0,1,162,41472,41472,0,0,0
fixed_pool,325,alloc,243,256,1,163,41728,41728,0,0,0
fixed_pool,326,alloc,244,256,1,164,41984,41984,0,0,0
fixed_pool,327,alloc,245,256,1,165,42240,42240,0,0,0
fixed_pool,328,free,81,0,1,164,41984,41984,0,0,0
fixed_pool,329,alloc,246,256,1,165,42240,42240,0,0,0
fixed_pool,330,alloc,247,256,1,166,42496,42496,0,0,0
fixed_pool,331,alloc,248,256,1,167,42752,42752,0,0,0
fixed_pool,332,free,82,0,1,166,42496,42496,0,0,0
fixed_pool,333,alloc,249,256,1,167,42752,42752,0,0,0
fixed_pool,334,alloc,250,256,1,168,43008,43008,0,0,0
fixed_pool,335,alloc,251,256,1,169,43264,43264,0,0,0
fixed_pool,336,free,83,0,1,168,43008,43008,0,0,0
fixed_pool,337,alloc,252,256,1,169,43264,43264,0,0,0
fixed_pool,338,alloc,253,256,1,170,43520,43520,0,0,0
fixed_pool,339,alloc,254,256,1,171,43776,43776,0,0,0
fixed_pool,340,free,84,0,1,170,43520,43520,0,0,0
fixed_pool,341,alloc,255,256,1,171,43776,43776,0,0,0
fixed_pool,342,alloc,256,256,1,172,44032,44032,0,0,0
fixed_pool,343,alloc,257,256,1,173,44288,44288,0,0,0
fixed_pool,344,free,85,0,1,172,44032,44032,0,0,0
fixed_pool,345,alloc,258,256,1,173,44288,44288,0,0,0
fixed_pool,346,alloc,259,256,1,174,44544,44544,0,0,0
fixed_pool,347,alloc,260,256,1,175,44800,44800,0,0,0
fixed_pool,348,free,86,0,1,174,44544,44544,0,0,0
fixed_pool,349,alloc,261,256,1,175,44800,44800,0,0,0
fixed_pool,350,alloc,262,256,1,176,45056,45056,0,0,0
fixed_pool,351,alloc,263,256,1,177,45312,45312,0,0,0
fixed_pool,352,free,87,0,1,176,45056,45056,0,0,0
fixed_pool,353,alloc,264,256,1,177,45312,45312,0,0,0
fixed_pool,354,alloc,265,256,1,178,45568,45568,0,0,0
fixed_pool,355,alloc,266,256,1,179,45824,45824,0,0,0
fixed_pool,356,free,88,0,1,178,45568,45568,0,0,0
fixed_pool,357,alloc,267,256,1,179,45824,45824,0,0,0
fixed_pool,358,alloc,268,256,1,180,46080,46080,0,0,0
fixed_pool,359,alloc,269,256,1,181,46336,46336,0,0,0
fixed_pool,360,free,89,0,1,180,46080,46080,0,0,0
fixed_pool,361,alloc,270,256,1,181,46336,46336,0,0,0
fixed_pool,362,alloc,271,256,1,182,46592,46592,0,0,0
fixed_pool,363,alloc,272,256,1,183,46848,46848,0,0,0
fixed_pool,364,free,90,0,1,182,46592,46592,0,0,0
fixed_pool,365,alloc,273,256,1,183,46848,46848,0,0,0
fixed_pool,366,alloc,274,256,1,184,47104,47104,0,0,0
fixed_pool,367,alloc,275,256,1,185,47360,47360,0,0,0
fixed_pool,368,free,91,0,1,184,47104,47104,0,0,0
fixed_pool,369,alloc,276,256,1,185,47360,47360,0,0,0
fixed_pool,370,alloc,277,256,1,186,47616,47616,0,0,0
fixed_pool,371,alloc,278,256,1,187,47872,47872,0,0,0
fixed_pool,372,free,92,0,1,186,47616,47616,0,0,0
fixed_pool,373,alloc,279,256,1,187,47872,47872,0,0,0
fixed_pool,374,alloc,280,256,1,188,48128,48128,0,0,0
fixed_pool,375,alloc,281,256,1,189,48384,48384,0,0,0
fixed_pool,376,free,93,0,1,188,48128,48128,0,0,0
fixed_pool,377,alloc,282,256,1,189,48384,48384,0,0,0
fixed_pool,378,alloc,283,256,1,190,48640,48640,0,0,0
fixed_pool,379,alloc,284,256,1,191,48896,48896,0,0,0
fixed_pool,380,free,94,0,1,190,48640,48640,0,0,0
fixed_pool,381,alloc,285,256,1,191,48896,48896,0,0,0
fixed_pool,382,alloc,286,256,1,192,49152,49152,0,0,0
fixed_pool,383,alloc,287,256,1,193,49408,49408,0,0,0
fixed_pool,384,free,95,0,1,192,49152,49152,0,0,0
fixed_pool,385,alloc,288,256,1,193,49408,49408,0,0,0
fixed_pool,386,alloc,289,256,1,194,49664,49664,0,0,0
fixed_pool,387,alloc,290,256,1,195,49920,49920,0,0,0
fixed_pool,388,free,96,0,1,194,49664,49664,0,0,0
fixed_pool,389,alloc,291,256,1,195,49920,49920,0,0,0
fixed_pool,390,alloc,292,256,1,196,50176,50176,0,0,0
fixed_pool,391,alloc,293,256,1,197,50432,50432,0,0,0
fixed_pool,392,free,97,0,1,196,50176,50176,0,0,0
fixed_pool,393,alloc,294,256,1,197,50432,50432,0,0,0
fixed_pool,394,alloc,295,256,1,198,50688,50688,0,0,0
fixed_pool,395,alloc,296,256,1,199,50944,50944,0,0,0
fixed_pool,396,free,98,0,1,198,50688,50688,0,0,0
fixed_pool,397,alloc,297,256,1,199,50944,50944,0,0,0
fixed_pool,398,alloc,298,256,1,200,51200,51200,0,0,0
fixed_pool,399,alloc,299,256,1,201,51456,51456,0,0,0
fixed_pool,400,free,99,0,1,200,51200,51200,0,0,0
fixed_pool,401,alloc,300,256,1,201,51456,51456,0,0,0
fixed_pool,402,alloc,301,256,1,202,51712,51712,0,0,0
fixed_pool,403,alloc,302,256,1,203,51968,51968,0,0,0
fixed_pool,404,free,100,0,1,202,51712,51712,0,0,0
fixed_pool,405,alloc,303,256,1,203,51968,51968,0,0,0
fixed_pool,406,alloc,304,256,1,204,52224,52224,0,0,0
fixed_pool,407,alloc,305,256,1,205,52480,52480,0,0,0
fixed_pool,408,free,101,0,1,204,52224,52224,0,0,0
fixed_pool,409,alloc,306,256,1,205,52480,52480,0,0,0
fixed_pool,410,alloc,307,256,1,206,52736,52736,0,0,0
fixed_pool,411,alloc,308,256,1,207,52992,52992,0,0,0
fixed_pool,412,free,102,0,1,206,52736,52736,0,0,0
fixed_pool,413,alloc,309,256,1,207,52992,52992,0,0,0
fixed_pool,414,alloc,310,256,1,208,53248,53248,0,0,0
fixed_pool,415,alloc,311,256,1,209,53504,53504,0,0,0
fixed_pool,416,free,103,0,1,208,53248,53248,0,0,0
fixed_pool,417,alloc,312,256,1,209,53504,53504,0,0,0
fixed_pool,418,alloc,313,256,1,210,53760,53760,0,0,0
fixed_pool,419,alloc,314,256,1,211,54016,54016,0,0,0
fixed_pool,420,free,104,0,1,210,53760,53760,0,0,0
fixed_pool,421,alloc,315,256,1,211,54016,54016,0,0,0
fixed_pool,422,alloc,316,256,1,212,54272,54272,0,0,0
fixed_pool,423,alloc,317,256,1,213,54528,54528,0,0,0
fixed_pool,424,free,105,0,1,212,54272,54272,0,0,0
fixed_pool,425,alloc,318,256,1,213,54528,54528,0,0,0
fixed_pool,426,alloc,319,256,1,214,54784,54784,0,0,0
fixed_pool,427,alloc,320,256,1,215,55040,55040,0,0,0
fixed_pool,428,free,106,0,1,214,54784,54784,0,0,0
fixed_pool,429,alloc,321,256,1,215,55040,55040,0,0,0
fixed_pool,430,alloc,322,256,1,216,55296,55296,0,0,0
fixed_pool,431,alloc,323,256,1,217,55552,55552,0,0,0
fixed_pool,432,free,107,0,1,216,55296,55296,0,0,0
fixed_pool,433,alloc,324,256,1,217,55552,55552,0,0,0
fixed_pool,434,alloc,325,256,1,218,55808,55808,0,0,0
fixed_pool,435,alloc,326,256,1,219,56064,56064,0,0,0
fixed_pool,436,free,108,0,1,218,55808,55808,0,0,0
fixed_pool,437,alloc,327,256,1,219,56064,56064,0,0,0
fixed_pool,438,alloc,328,256,1,220,56320,56320,0,0,0
fixed_pool,439,alloc,329,256,1,221,56576,56576,0,0,0
fixed_pool,440,free,109,0,1,220,56320,56320,0,0,0
fixed_pool,441,alloc,330,256,1,221,56576,56576,0,0,0
fixed_pool,442,alloc,331,256,1,222,56832,56832,0,0,0
fixed_pool,443,alloc,332,256,1,223,57088,57088,0,0,0
fixed_pool,444,free,110,0,1,222,56832,56832,0,0,0
fixed_pool,445,alloc,333,256,1,223,57088,57088,0,0,0
fixed_pool,446,alloc,334,256,1,224,57344,57344,0,0,0
fixed_pool,447,alloc,335,256,1,225,57600,57600,0,0,0
fixed_pool,448,free,111,0,1,224,57344,57344,0,0,0
fixed_pool,449,alloc,336,256,1,225,57600,57600,0,0,0
fixed_pool,450,alloc,337,256,1,226,57856,57856,0,0,0
fixed_pool,451,alloc,338,256,1,227,58112,58112,0,0,0
fixed_pool,452,free,112,0,1,226,57856,57856,0,0,0
fixed_pool,453,alloc,339,256,1,227,58112,58112,0,0,0
fixed_pool,454,alloc,340,256,1,228,58368,58368,0,0,0
fixed_pool,455,alloc,341,256,1,229,58624,58624,0,0,0
fixed_pool,456,free,113,0,1,228,58368,58368,0,0,0
fixed_pool,457,alloc,342,256,1,229,58624,58624,0,0,0
fixed_pool,458,alloc,343,256,1,230,58880,58880,0,0,0
fixed_pool,459,alloc,344,256,1,231,59136,59136,0,0,0
fixed_pool,460,free,114,0,1,230,58880,58880,0,0,0
fixed_pool,461,alloc,345,256,1,231,59136,59136,0,0,0
fixed_pool,462,alloc,346,256,1,232,59392,59392,0,0,0
fixed_pool,463,alloc,347,256,1,233,59648,59648,0,0,0
fixed_pool,464,free,115,0,1,232,59392,59392,0,0,0
fixed_pool,465,alloc,348,256,1,233,59648,59648,0,0,0
fixed_pool,466,alloc,349,256,1,234,59904,59904,0,0,0
fixed_pool,467,alloc,350,256,1,235,60160,60160,0,0,0
fixed_pool,468,free,116,0,1,234,59904,59904,0,0,0
fixed_pool,469,alloc,351,256,1,235,60160,60160,0,0,0
fixed_pool,470,alloc,352,256,1,236,60416,60416,0,0,0
fixed_pool,471,alloc,353,256,1,237,60672,60672,0,0,0
fixed_pool,472,free,117,0,1,236,60416,60416,0,0,0
fixed_pool,473,alloc,354,256,1,237,60672,60672,0,0,0
fixed_pool,474,alloc,355,256,1,238,60928,60928,0,0,0
fixed_pool,475,alloc,356,256,1,239,61184,61184,0,0,0
fixed_pool,476,free,118,0,1,238,60928,60928,0,0,0
fixed_pool,477,alloc,357,256,1,239,61184,61184,0,0,0
fixed_pool,478,alloc,358,256,1,240,61440,61440,0,0,0
fixed_pool,479,alloc,359,256,1,241,61696,61696,0,0,0
fixed_pool,480,free,119,0,1,240,61440,61440,0,0,0
fixed_pool,481,alloc,360,256,1,241,61696,61696,0,0,0
fixed_pool,482,alloc,361,256,1,242,61952,61952,0,0,0
fixed_pool,483,alloc,362,256,1,243,62208,62208,0,0,0
fixed_pool,484,free,120,0,1,242,61952,61952,0,0,0
fixed_pool,485,alloc,363,256,1,243,62208,62208,0,0,0
fixed_pool,486,alloc,364,256,1,244,62464,62464,0,0,0
fixed_pool,487,alloc,365,256,1,245,62720,62720,0,0,0
fixed_pool,488,free,121,0,1,244,62464,62464,0,0,0
fixed_pool,489,alloc,366,256,1,245,62720,62720,0,0,0
fixed_pool,490,alloc,367,256,1,246,62976,62976,0,0,0
fixed_pool,491,alloc,368,256,1,247,63232,63232,0,0,0
fixed_pool,492,free,122,0,1,246,62976,62976,0,0,0
fixed_pool,493,alloc,369,256,1,247,63232,63232,0,0,0
fixed_pool,494,alloc,370,256,1,248,63488,63488,0,0,0
fixed_pool,495,alloc,371,256,1,249,63744,63744,0,0,0
fixed_pool,496,free,123,0,1,248,63488,63488,0,0,0
fixed_pool,497,alloc,372,256,1,249,63744,63744,0,0,0
fixed_pool,498,alloc,373,256,1,250,64000,64000,0,0,0
fixed_pool,499,alloc,374,256,1,251,64256,64256,0,0,0
fixed_pool,500,free,124,0,1,250,64000,64000,0,0,0
fixed_pool,501,alloc,375,256,1,251,64256,64256,0,0,0
fixed_pool,502,alloc,376,256,1,252,64512,64512,0,0,0
fixed_pool,503,alloc,377,256,1,253,64768,64768,0,0,0
fixed_pool,504,free,125,0,1,252,64512,64512,0,0,0
fixed_pool,505,alloc,378,256,1,253,64768,64768,0,0,0
fixed_pool,506,alloc,379,256,1,254,65024,65024,0,0,0
fixed_pool,507,alloc,380,256,1,255,65280,65280,0,0,0
fixed_pool,508,free,126,0,1,254,65024,65024,0,0,0
fixed_pool,509,alloc,381,256,1,255,65280,65280,0,0,0
fixed_pool,510,alloc,382,256,1,256,65536,65536,0,0,0
fixed_pool,511,alloc,383,256,1,257,65792,65792,0,0,0
fixed_pool,512,free,127,0,1,256,65536,65536,0,0,0
fixed_pool,513,alloc,384,256,1,257,65792,65792,0,0,0
fixed_pool,514,alloc,385,256,1,258,66048,66048,0,0,0
fixed_pool,515,alloc,386,256,1,259,66304,66304,0,0,0
fixed_pool,516,free,128,0,1,258,66048,66048,0,0,0
fixed_pool,517,alloc,387,256,1,259,66304,66304,0,0,0
fixed_pool,518,alloc,388,256,1,260,66560,66560,0,0,0
fixed_pool,519,alloc,389,256,1,261,66816,66816,0,0,0
fixed_pool,520,free,129,0,1,260,66560,66560,0,0,0
fixed_pool,521,alloc,390,256,1,261,66816,66816,0,0,0
fixed_pool,522,alloc,391,256,1,262,67072,67072,0,0,0
fixed_pool,523,alloc,392,256,1,263,67328,67328,0,0,0
fixed_pool,524,free,130,0,1,262,67072,67072,0,0,0
fixed_pool,525,alloc,393,256,1,263,67328,67328,0,0,0
fixed_pool,526,alloc,394,256,1,264,67584,67584,0,0,0
fixed_pool,527,alloc,395,256,1,265,67840,67840,0,0,0
fixed_pool,528,free,131,0,1,264,67584,67584,0,0,0
fixed_pool,529,alloc,396,256,1,265,67840,67840,0,0,0
fixed_pool,530,alloc,397,256,1,266,68096,68096,0,0,0
fixed_pool,531,alloc,398,256,1,267,68352,68352,0,0,0
fixed_pool,532,free,132,0,1,266,68096,68096,0,0,0
fixed_pool,533,alloc,399,256,1,267,68352,68352,0,0,0
fixed_pool,534,alloc,400,256,1,268,68608,68608,0,0,0
fixed_pool,535,alloc,401,256,1,269,68864,68864,0,0,0
fixed_pool,536,free,133,0,1,268,68608,68608,0,0,0
fixed_pool,537,alloc,402,256,1,269,68864,68864,0,0,0
fixed_pool,538,alloc,403,256,1,270,69120,69120,0,0,0
fixed_pool,539,alloc,404,256,1,271,69376,69376,0,0,0
fixed_pool,540,free,134,0,1,270,69120,69120,0,0,0
fixed_pool,541,alloc,405,256,1,271,69376,69376,0,0,0
fixed_pool,542,alloc,406,256,1,272,69632,69632,0,0,0
fixed_pool,543,alloc,407,256,1,273,69888,69888,0,0,0
fixed_pool,544,free,135,0,1,272,69632,69632,0,0,0
fixed_pool,545,alloc,408,256,1,273,69888,69888,0,0,0
fixed_pool,546,alloc,409,256,1,274,70144,70144,0,0,0
fixed_pool,547,alloc,410,256,1,275,70400,70400,0,0,0
fixed_pool,548,free,136,0,1,274,70144,70144,0,0,0
fixed_pool,549,alloc,411,256,1,275,70400,70400,0,0,0
fixed_pool,550,alloc,412,256,1,276,70656,70656,0,0,0
fixed_pool,551,alloc,413,256,1,277,70912,70912,0,0,0
fixed_pool,552,free,137,0,1,276,70656,70656,0,0,0
fixed_pool,553,alloc,414,256,1,277,70912,70912,0,0,0
fixed_pool,554,alloc,415,256,1,278,71168,71168,0,0,0
fixed_pool,555,alloc,416,256,1,279,71424,71424,0,0,0
fixed_pool,556,free,138,0,1,278,71168,71168,0,0,0
fixed_pool,557,alloc,417,256,1,279,71424,71424,0,0,0
fixed_pool,558,alloc,418,256,1,280,71680,71680,0,0,0
fixed_pool,559,alloc,419,256,1,281,71936,71936,0,0,0
fixed_pool,560,free,139,0,1,280,71680,71680,0,0,0
fixed_pool,561,alloc,420,256,1,281,71936,71936,0,0,0
fixed_pool,562,alloc,421,256,1,282,72192,72192,0,0,0
fixed_pool,563,alloc,422,256,1,283,72448,72448,0,0,0
fixed_pool,564,free,140,0,1,282,72192,72192,0,0,0
fixed_pool,565,alloc,423,256,1,283,72448,72448,0,0,0
fixed_pool,566,alloc,424,256,1,284,72704,72704,0,0,0
fixed_pool,567,alloc,425,256,1,285,72960,72960,0,0,0
fixed_pool,568,free,141,0,1,284,72704,72704,0,0,0
fixed_pool,569,alloc,426,256,1,285,72960,72960,0,0,0
fixed_pool,570,alloc,427,256,1,286,73216,73216,0,0,0
fixed_pool,571,alloc,428,256,1,287,73472,73472,0,0,0
fixed_pool,572,free,142,0,1,286,73216,73216,0,0,0
fixed_pool,573,alloc,429,256,1,287,73472,73472,0,0,0
fixed_pool,574,alloc,430,256,1,288,73728,73728,0,0,0
fixed_pool,575,alloc,431,256,1,289,73984,73984,0,0,0
fixed_pool,576,free,143,0,1,288,73728,73728,0,0,0
fixed_pool,577,alloc,432,256,1,289,73984,73984,0,0,0
fixed_pool,578,alloc,433,256,1,290,74240,74240,0,0,0
fixed_pool,579,alloc,434,256,1,291,74496,74496,0,0,0
fixed_pool,580,free,144,0,1,290,74240,74240,0,0,0
fixed_pool,581,alloc,435,256,1,291,74496,74496,0,0,0
fixed_pool,582,alloc,436,256,1,292,74752,74752,0,0,0
fixed_pool,583,alloc,437,256,1,293,75008,75008,0,0,0
fixed_pool,584,free,145,0,1,292,74752,74752,0,0,0
fixed_pool,585,alloc,438,256,1,293,75008,75008,0,0,0
fixed_pool,586,alloc,439,256,1,294,75264,75264,0,0,0
fixed_pool,587,alloc,440,256,1,295,75520,75520,0,0,0
fixed_pool,588,free,146,0,1,294,75264,75264,0,0,0
fixed_pool,589,alloc,441,256,1,295,75520,75520,0,0,0
fixed_pool,590,alloc,442,256,1,296,75776,75776,0,0,0
fixed_pool,591,alloc,443,256,1,297,76032,76032,0,0,0
fixed_pool,592,free,147,0,1,296,75776,75776,0,0,0
fixed_pool,593,alloc,444,256,1,297,76032,76032,0,0,0
fixed_pool,594,alloc,445,256,1,298,76288,76288,0,0,0
fixed_pool,595,alloc,446,256,1,299,76544,76544,0,0,0
fixed_pool,596,free,148,0,1,298,76288,76288,0,0,0
fixed_pool,597,alloc,447,256,1,299,76544,76544,0,0,0
fixed_pool,598,alloc,448,256,1,300,76800,76800,0,0,0
fixed_pool,599,alloc,449,256,1,301,77056,77056,0,0,0
fixed_pool,600,free,149,0,1,300,76800,76800,0,0,0
fixed_pool,601,alloc,450,256,1,301,77056,77056,0,0,0
fixed_pool,602,alloc,451,256,1,302,77312,77312,0,0,0
fixed_pool,603,alloc,452,256,1,303,77568,77568,0,0,0
fixed_pool,604,free,150,0,1,302,77312,77312,0,0,0
fixed_pool,605,alloc,453,256,1,303,77568,77568,0,0,0
fixed_pool,606,alloc,454,256,1,304,77824,77824,0,0,0
fixed_pool,607,alloc,455,256,1,305,78080,78080,0,0,0
fixed_pool,608,free,151,0,1,304,77824,77824,0,0,0
fixed_pool,609,alloc,456,256,1,305,78080,78080,0,0,0
fixed_pool,610,alloc,457,256,1,306,78336,78336,0,0,0
fixed_pool,611,alloc,458,256,1,307,78592,78592,0,0,0
fixed_pool,612,free,152,0,1,306,78336,78336,0,0,0
fixed_pool,613,alloc,459,256,1,307,78592,78592,0,0,0
fixed_pool,614,alloc,460,256,1,308,78848,78848,0,0,0
fixed_pool,615,alloc,461,256,1,309,79104,79104,0,0,0
fixed_pool,616,free,153,0,1,308,78848,78848,0,0,0
fixed_pool,617,alloc,462,256,1,309,79104,79104,0,0,0
fixed_pool,618,alloc,463,256,1,310,79360,79360,0,0,0
fixed_pool,619,alloc,464,256,1,311,79616,79616,0,0,0
fixed_pool,620,free,154,0,1,310,79360,79360,0,0,0
fixed_pool,621,alloc,465,256,1,311,79616,79616,0,0,0
fixed_pool,622,alloc,466,256,1,312,79872,79872,0,0,0
fixed_pool,623,alloc,467,256,1,313,80128,80128,0,0,0
fixed_pool,624,free,155,0,1,312,79872,79872,0,0,0
fixed_pool,625,alloc,468,256,1,313,80128,80128,0,0,0
fixed_pool,626,alloc,469,256,1,314,80384,80384,0,0,0
fixed_pool,627,alloc,470,256,1,315,80640,80640,0,0,0
fixed_pool,628,free,156,0,1,314,80384,80384,0,0,0
fixed_pool,629,alloc,471,256,1,315,80640,80640,0,0,0
fixed_pool,630,alloc,472,256,1,316,80896,80896,0,0,0
fixed_pool,631,alloc,473,256,1,317,81152,81152,0,0,0
fixed_pool,632,free,157,0,1,316,80896,80896,0,0,0
fixed_pool,633,alloc,474,256,1,317,81152,81152,0,0,0
fixed_pool,634,alloc,475,256,1,318,81408,81408,0,0,0
fixed_pool,635,alloc,476,256,1,319,81664,81664,0,0,0
fixed_pool,636,free,158,0,1,318,81408,81408,0,0,0
fixed_pool,637,alloc,477,256,1,319,81664,81664,0,0,0
fixed_pool,638,alloc,478,256,1,320,81920,81920,0,0,0
fixed_pool,639,alloc,479,256,1,321,82176,82176,0,0,0
fixed_pool,640,free,159,0,1,320,81920,81920,0,0,0
fixed_pool,641,alloc,480,256,1,321,82176,82176,0,0,0
fixed_pool,642,alloc,481,256,1,322,82432,82432,0,0,0
fixed_pool,643,alloc,482,256,1,323,82688,82688,0,0,0
fixed_pool,644,free,160,0,1,322,82432,82432,0,0,0
fixed_pool,645,alloc,483,256,1,323,82688,82688,0,0,0
fixed_pool,646,alloc,484,256,1,324,82944,82944,0,0,0
fixed_pool,647,alloc,485,256,1,325,83200,83200,0,0,0
fixed_pool,648,free,161,0,1,324,82944,82944,0,0,0
fixed_pool,649,alloc,486,256,1,325,83200,83200,0,0,0
fixed_pool,650,alloc,487,256,1,326,83456,83456,0,0,0
fixed_pool,651,alloc,488,256,1,327,83712,83712,0,0,0
fixed_pool,652,free,162,0,1,326,83456,83456,0,0,0
fixed_pool,653,alloc,489,256,1,327,83712,83712,0,0,0
fixed_pool,654,alloc,490,256,1,328,83968,83968,0,0,0
fixed_pool,655,alloc,491,256,1,329,84224,84224,0,0,0
fixed_pool,656,free,163,0,1,328,83968,83968,0,0,0
fixed_pool,657,alloc,492,256,1,329,84224,84224,0,0,0
fixed_pool,658,alloc,493,256,1,330,84480,84480,0,0,0
fixed_pool,659,alloc,494,256,1,331,84736,84736,0,0,0
fixed_pool,660,free,164,0,1,330,84480,84480,0,0,0
fixed_pool,661,alloc,495,256,1,331,84736,84736,0,0,0
fixed_pool,662,alloc,496,256,1,332,84992,84992,0,0,0
fixed_pool,663,alloc,497,256,1,333,85248,85248,0,0,0
fixed_pool,664,free,165,0,1,332,84992,84992,0,0,0
fixed_pool,665,alloc,498,256,1,333,85248,85248,0,0,0
fixed_pool,666,alloc,499,256,1,334,85504,85504,0,0,0
fixed_pool,667,alloc,500,256,1,335,85760,85760,0,0,0
fixed_pool,668,free,166,0,1,334,85504,85504,0,0,0
fixed_pool,669,alloc,501,256,1,335,85760,85760,0,0,0
fixed_pool,670,alloc,502,256,1,336,86016,86016,0,0,0
fixed_pool,671,alloc,503,256,1,337,86272,86272,0,0,0
fixed_pool,672,free,167,0,1,336,86016,86016,0,0,0
fixed_pool,673,alloc,504,256,1,337,86272,86272,0,0,0
fixed_pool,674,alloc,505,256,1,338,86528,86528,0,0,0
fixed_pool,675,alloc,506,256,1,339,86784,86784,0,0,0
fixed_pool,676,free,168,0,1,338,86528,86528,0,0,0
fixed_pool,677,alloc,507,256,1,339,86784,86784,0,0,0
fixed_pool,678,alloc,508,256,1,340,87040,87040,0,0,0
fixed_pool,679,alloc,509,256,1,341,87296,87296,0,0,0
fixed_pool,680,free,169,0,1,340,87040,87040,0,0,0
fixed_pool,681,alloc,510,256,1,341,87296,87296,0,0,0
fixed_pool,682,alloc,511,256,1,342,87552,87552,0,0,0
fixed_pool,683,alloc,512,256,1,343,87808,87808,0,0,0
fixed_pool,684,free,170,0,1,342,87552,87552,0,0,0
fixed_pool,685,alloc,513,256,1,343,87808,87808,0,0,0
fixed_pool,686,alloc,514,256,1,344,88064,88064,0,0,0
fixed_pool,687,alloc,515,256,1,345,88320,88320,0,0,0
fixed_pool,688,free,171,0,1,344,88064,88064,0,0,0
fixed_pool,689,alloc,516,256,1,345,88320,88320,0,0,0
fixed_pool,690,alloc,517,256,1,346,88576,88576,0,0,0
fixed_pool,691,alloc,518,256,1,347,88832,88832,0,0,0
fixed_pool,692,free,172,0,1,346,88576,88576,0,0,0
fixed_pool,693,alloc,519,256,1,347,88832,88832,0,0,0
fixed_pool,694,alloc,520,256,1,348,89088,89088,0,0,0
fixed_pool,695,alloc,521,256,1,349,89344,89344,0,0,0
fixed_pool,696,free,173,0,1,348,89088,89088,0,0,0
fixed_pool,697,alloc,522,256,1,349,89344,89344,0,0,0
fixed_pool,698,alloc,523,256,1,350,89600,89600,0,0,0
fixed_pool,699,alloc,524,256,1,351,89856,89856,0,0,0
fixed_pool,700,free,174,0,1,350,89600,89600,0,0,0
fixed_pool,701,alloc,525,256,1,351,89856,89856,0,0,0
fixed_pool,702,alloc,526,256,1,352,90112,90112,0,0,0
fixed_pool,703,alloc,527,256,1,353,90368,90368,0,0,0
fixed_pool,704,free,175,0,1,352,90112,90112,0,0,0
fixed_pool,705,alloc,528,256,1,353,90368,90368,0,0,0
fixed_pool,706,alloc,529,256,1,354,90624,90624,0,0,0
fixed_pool,707,alloc,530,256,1,355,90880,90880,0,0,0
fixed_pool,708,free,176,0,1,354,90624,90624,0,0,0
fixed_pool,709,alloc,531,256,1,355,90880,90880,0,0,0
fixed_pool,710,alloc,532,256,1,356,91136,91136,0,0,0
fixed_pool,711,alloc,533,256,1,357,91392,91392,0,0,0
fixed_pool,712,free,177,0,1,356,91136,91136,0,0,0
fixed_pool,713,alloc,534,256,1,357,91392,91392,0,0,0
fixed_pool,714,alloc,535,256,1,358,91648,91648,0,0,0
fixed_pool,715,alloc,536,256,1,359,91904,91904,0,0,0
fixed_pool,716,free,178,0,1,358,91648,91648,0,0,0
fixed_pool,717,alloc,537,256,1,359,91904,91904,0,0,0
fixed_pool,718,alloc,538,256,1,360,92160,92160,0,0,0
fixed_pool,719,alloc,539,256,1,361,92416,92416,0,0,0
fixed_pool,720,free,179,0,1,360,92160,92160,0,0,0
fixed_pool,721,alloc,540,256,1,361,92416,92416,0,0,0
fixed_pool,722,alloc,541,256,1,362,92672,92672,0,0,0
fixed_pool,723,alloc,542,256,1,363,92928,92928,0,0,0
fixed_pool,724,free,180,0,1,362,92672,92672,0,0,0
fixed_pool,725,alloc,543,256,1,363,92928,92928,0,0,0
fixed_pool,726,alloc,544,256,1,364,93184,93184,0,0,0
fixed_pool,727,alloc,545,256,1,365,93440,93440,0,0,0
fixed_pool,728,free,181,0,1,364,93184,93184,0,0,0
fixed_pool,729,alloc,546,256,1,365,93440,93440,0,0,0
fixed_pool,730,alloc,547,256,1,366,93696,93696,0,0,0
fixed_pool,731,alloc,548,256,1,367,93952,93952,0,0,0
fixed_pool,732,free,182,0,1,366,93696,93696,0,0,0
fixed_pool,733,alloc,549,256,1,367,93952,93952,0,0,0
fixed_pool,734,alloc,550,256,1,368,94208,94208,0,0,0
fixed_pool,735,alloc,551,256,1,369,94464,94464,0,0,0
fixed_pool,736,free,183,0,1,368,94208,94208,0,0,0
fixed_pool,737,alloc,552,256,1,369,94464,94464,0,0,0
fixed_pool,738,alloc,553,256,1,370,94720,94720,0,0,0
fixed_pool,739,alloc,554,256,1,371,94976,94976,0,0,0
fixed_pool,740,free,184,0,1,370,94720,94720,0,0,0
fixed_pool,741,alloc,555,256,1,371,94976,94976,0,0,0
fixed_pool,742,alloc,556,256,1,372,95232,95232,0,0,0
fixed_pool,743,alloc,557,256,1,373,95488,95488,0,0,0
fixed_pool,744,free,185,0,1,372,95232,95232,0,0,0
fixed_pool,745,alloc,558,256,1,373,95488,95488,0,0,0
fixed_pool,746,alloc,559,256,1,374,95744,95744,0,0,0
fixed_pool,747,alloc,560,256,1,375,96000,96000,0,0,0
fixed_pool,748,free,186,0,1,374,95744,95744,0,0,0
fixed_pool,749,alloc,561,256,1,375,96000,96000,0,0,0
fixed_pool,750,alloc,562,256,1,376,96256,96256,0,0,0
fixed_pool,751,alloc,563,256,1,377,96512,96512,0,0,0
fixed_pool,752,free,187,0,1,376,96256,96256,0,0,0
fixed_pool,753,alloc,564,256,1,377,96512,96512,0,0,0
fixed_pool,754,alloc,565,256,1,378,96768,96768,0,0,0
fixed_pool,755,alloc,566,256,1,379,97024,97024,0,0,0
fixed_pool,756,free,188,0,1,378,96768,96768,0,0,0
fixed_pool,757,alloc,567,256,1,379,97024,97024,0,0,0
fixed_pool,758,alloc,568,256,1,380,97280,97280,0,0,0
fixed_pool,759,alloc,569,256,1,381,97536,97536,0,0,0
fixed_pool,760,free,189,0,1,380,97280,97280,0,0,0
fixed_pool,761,alloc,570,256,1,381,97536,97536,0,0,0
fixed_pool,762,alloc,571,256,1,382,97792,97792,0,0,0
fixed_pool,763,alloc,572,256,1,383,98048,98048,0,0,0
fixed_pool,764,free,190,0,1,382,97792,97792,0,0,0
fixed_pool,765,alloc,573,256,1,383,98048,98048,0,0,0
fixed_pool,766,alloc,574,256,1,384,98304,98304,0,0,0
fixed_pool,767,alloc,575,256,1,385,98560,98560,0,0,0
fixed_pool,768,free,191,0,1,384,98304,98304,0,0,0
fixed_pool,769,alloc,576,256,1,385,98560,98560,0,0,0
fixed_pool,770,alloc,577,256,1,386,98816,98816,0,0,0
fixed_pool,771,alloc,578,256,1,387,99072,99072,0,0,0
fixed_pool,772,free,192,0,1,386,98816,98816,0,0,0
fixed_pool,773,alloc,579,256,1,387,99072,99072,0,0,0
fixed_pool,774,alloc,580,256,1,388,99328,99328,0,0,0
fixed_pool,775,alloc,581,256,1,389,99584,99584,0,0,0
fixed_pool,776,free,193,0,1,388,99328,99328,0,0,0
fixed_pool,777,alloc,582,256,1,389,99584,99584,0,0,0
fixed_pool,778,alloc,583,256,1,390,99840,99840,0,0,0
fixed_pool,779,alloc,584,256,1,391,100096,100096,0,0,0
fixed_pool,780,free,194,0,1,390,99840,99840,0,0,0
fixed_pool,781,alloc,585,256,1,391,100096,100096,0,0,0
fixed_pool,782,alloc,586,256,1,392,100352,100352,0,0,0
fixed_pool,783,alloc,587,256,1,393,100608,100608,0,0,0
fixed_pool,784,free,195,0,1,392,100352,100352,0,0,0
fixed_pool,785,alloc,588,256,1,393,100608,100608,0,0,0
fixed_pool,786,alloc,589,256,1,394,100864,100864,0,0,0
fixed_pool,787,alloc,590,256,1,395,101120,101120,0,0,0
fixed_pool,788,free,196,0,1,394,100864,100864,0,0,0
fixed_pool,789,alloc,591,256,1,395,101120,101120,0,0,0
fixed_pool,790,alloc,592,256,1,396,101376,101376,0,0,0
fixed_pool,791,alloc,593,256,1,397,101632,101632,0,0,0
fixed_pool,792,free,197,0,1,396,101376,101376,0,0,0
fixed_pool,793,alloc,594,256,1,397,101632,101632,0,0,0
fixed_pool,794,alloc,595,256,1,398,101888,101888,0,0,0
fixed_pool,795,alloc,596,256,1,399,102144,102144,0,0,0
fixed_pool,796,free,198,0,1,398,101888,101888,0,0,0
fixed_pool,797,alloc,597,256,1,399,102144,102144,0,0,0
fixed_pool,798,alloc,598,256,1,400,102400,102400,0,0,0
fixed_pool,799,alloc,599,256,1,401,102656,102656,0,0,0
fixed_pool,800,free,199,0,1,400,102400,102400,0,0,0
fixed_pool,801,alloc,600,256,1,401,102656,102656,0,0,0
fixed_pool,802,alloc,601,256,1,402,102912,102912,0,0,0
fixed_pool,803,alloc,602,256,1,403,103168,103168,0,0,0
fixed_pool,804,free,200,0,1,402,102912,102912,0,0,0
fixed_pool,805,alloc,603,256,1,403,103168,103168,0,0,0
fixed_pool,806,alloc,604,256,1,404,103424,103424,0,0,0
fixed_pool,807,alloc,605,256,1,405,103680,103680,0,0,0
fixed_pool,808,free,201,0,1,404,103424,103424,0,0,0
fixed_pool,809,alloc,606,256,1,405,103680,103680,0,0,0
fixed_pool,810,alloc,607,256,1,406,103936,103936,0,0,0
fixed_pool,811,alloc,608,256,1,407,104192,104192,0,0,0
fixed_pool,812,free,202,0,1,406,103936,103936,0,0,0
fixed_pool,813,alloc,609,256,1,407,104192,104192,0,0,0
fixed_pool,814,alloc,610,256,1,408,104448,104448,0,0,0
fixed_pool,815,alloc,611,256,1,409,104704,104704,0,0,0
fixed_pool,816,free,203,0,1,408,104448,104448,0,0,0
fixed_pool,817,alloc,612,256,1,409,104704,104704,0,0,0
fixed_pool,818,alloc,613,256,1,410,104960,104960,0,0,0
fixed_pool,819,alloc,614,256,1,411,105216,105216,0,0,0
fixed_pool,820,free,204,0,1,410,104960,104960,0,0,0
fixed_pool,821,alloc,615,256,1,411,105216,105216,0,0,0
fixed_pool,822,alloc,616,256,1,412,105472,105472,0,0,0
fixed_pool,823,alloc,617,256,1,413,105728,105728,0,0,0
fixed_pool,824,free,205,0,1,412,105472,105472,0,0,0
fixed_pool,825,alloc,618,256,1,413,105728,105728,0,0,0
fixed_pool,826,alloc,619,256,1,414,105984,105984,0,0,0
fixed_pool,827,alloc,620,256,1,415,106240,106240,0,0,0
fixed_pool,828,free,206,0,1,414,105984,105984,0,0,0
fixed_pool,829,alloc,621,256,1,415,106240,106240,0,0,0
fixed_pool,830,alloc,622,256,1,416,106496,106496,0,0,0
fixed_pool,831,alloc,623,256,1,417,106752,106752,0,0,0
fixed_pool,832,free,207,0,1,416,106496,106496,0,0,0
fixed_pool,833,alloc,624,256,1,417,106752,106752,0,0,0
fixed_pool,834,alloc,625,256,1,418,107008,107008,0,0,0
fixed_pool,835,alloc,626,256,1,419,107264,107264,0,0,0
fixed_pool,836,free,208,0,1,418,107008,107008,0,0,0
fixed_pool,837,alloc,627,256,1,419,107264,107264,0,0,0
fixed_pool,838,alloc,628,256,1,420,107520,107520,0,0,0
fixed_pool,839,alloc,629,256,1,421,107776,107776,0,0,0
fixed_pool,840,free,209,0,1,420,107520,107520,0,0,0
fixed_pool,841,alloc,630,256,1,421,107776,107776,0,0,0
fixed_pool,842,alloc,631,256,1,422,108032,108032,0,0,0
fixed_pool,843,alloc,632,256,1,423,108288,108288,0,0,0
fixed_pool,844,free,210,0,1,422,108032,108032,0,0,0
fixed_pool,845,alloc,633,256,1,423,108288,108288,0,0,0
fixed_pool,846,alloc,634,256,1,424,108544,108544,0,0,0
fixed_pool,847,alloc,635,256,1,425,108800,108800,0,0,0
fixed_pool,848,free,211,0,1,424,108544,108544,0,0,0
fixed_pool,849,alloc,636,256,1,425,108800,108800,0,0,0
fixed_pool,850,alloc,637,256,1,426,109056,109056,0,0,0
fixed_pool,851,alloc,638,256,1,427,109312,109312,0,0,0
fixed_pool,852,free,212,0,1,426,109056,109056,0,0,0
fixed_pool,853,alloc,639,256,1,427,109312,109312,0,0,0
fixed_pool,854,alloc,640,256,1,428,109568,109568,0,0,0
fixed_pool,855,alloc,641,256,1,429,109824,109824,0,0,0
fixed_pool,856,free,213,0,1,428,109568,109568,0,0,0
fixed_pool,857,alloc,642,256,1,429,109824,109824,0,0,0
fixed_pool,858,alloc,643,256,1,430,110080,110080,0,0,0
fixed_pool,859,alloc,644,256,1,431,110336,110336,0,0,0
fixed_pool,860,free,214,0,1,430,110080,110080,0,0,0
fixed_pool,861,alloc,645,256,1,431,110336,110336,0,0,0
fixed_pool,862,alloc,646,256,1,432,110592,110592,0,0,0
fixed_pool,863,alloc,647,256,1,433,110848,110848,0,0,0
fixed_pool,864,free,215,0,1,432,110592,110592,0,0,0
fixed_pool,865,alloc,648,256,1,433,110848,110848,0,0,0
fixed_pool,866,alloc,649,256,1,434,111104,111104,0,0,0
fixed_pool,867,alloc,650,256,1,435,111360,111360,0,0,0
fixed_pool,868,free,216,0,1,434,111104,111104,0,0,0
fixed_pool,869,alloc,651,256,1,435,111360,111360,0,0,0
fixed_pool,870,alloc,652,256,1,436,111616,111616,0,0,0
fixed_pool,871,alloc,653,256,1,437,111872,111872,0,0,0
fixed_pool,872,free,217,0,1,436,111616,111616,0,0,0
fixed_pool,873,alloc,654,256,1,437,111872,111872,0,0,0
fixed_pool,874,alloc,655,256,1,438,112128,112128,0,0,0
fixed_pool,875,alloc,656,256,1,439,112384,112384,0,0,0
fixed_pool,876,free,218,0,1,438,112128,112128,0,0,0
fixed_pool,877,alloc,657,256,1,439,112384,112384,0,0,0
fixed_pool,878,alloc,658,256,1,440,112640,112640,0,0,0
fixed_pool,879,alloc,659,256,1,441,112896,112896,0,0,0
fixed_pool,880,free,219,0,1,440,112640,112640,0,0,0
fixed_pool,881,alloc,660,256,1,441,112896,112896,0,0,0
fixed_pool,882,alloc,661,256,1,442,113152,113152,0,0,0
fixed_pool,883,alloc,662,256,1,443,113408,113408,0,0,0
fixed_pool,884,free,220,0,1,442,113152,113152,0,0,0
fixed_pool,885,alloc,663,256,1,443,113408,113408,0,0,0
fixed_pool,886,alloc,664,256,1,444,113664,113664,0,0,0
fixed_pool,887,alloc,665,256,1,445,113920,113920,0,0,0
fixed_pool,888,free,221,0,1,444,113664,113664,0,0,0
fixed_pool,889,alloc,666,256,1,445,113920,113920,0,0,0
fixed_pool,890,alloc,667,256,1,446,114176,114176,0,0,0
fixed_pool,891,alloc,668,256,1,447,114432,114432,0,0,0
fixed_pool,892,free,222,0,1,446,114176,114176,0,0,0
fixed_pool,893,alloc,669,256,1,447,114432,114432,0,0,0
fixed_pool,894,alloc,670,256,1,448,114688,114688,0,0,0
fixed_pool,895,alloc,671,256,1,449,114944,114944,0,0,0
fixed_pool,896,free,223,0,1,448,114688,114688,0,0,0
fixed_pool,897,alloc,672,256,1,449,114944,114944,0,0,0
fixed_pool,898,alloc,673,256,1,450,115200,115200,0,0,0
fixed_pool,899,alloc,674,256,1,451,115456,115456,0,0,0
fixed_pool,900,free,224,0,1,450,115200,115200,0,0,0
fixed_pool,901,alloc,675,256,1,451,115456,115456,0,0,0
fixed_pool,902,alloc,676,256,1,452,115712,115712,0,0,0
fixed_pool,903,alloc,677,256,1,453,115968,115968,0,0,0
fixed_pool,904,free,225,0,1,452,115712,115712,0,0,0
fixed_pool,905,alloc,678,256,1,453,115968,115968,0,0,0
fixed_pool,906,alloc,679,256,1,454,116224,116224,0,0,0
fixed_pool,907,alloc,680,256,1,455,116480,116480,0,0,0
fixed_pool,908,free,226,0,1,454,116224,116224,0,0,0
fixed_pool,909,alloc,681,256,1,455,116480,116480,0,0,0
fixed_pool,910,alloc,682,256,1,456,116736,116736,0,0,0
fixed_pool,911,alloc,683,256,1,457,116992,116992,0,0,0
fixed_pool,912,free,227,0,1,456,116736,116736,0,0,0
fixed_pool,913,alloc,684,256,1,457,116992,116992,0,0,0
fixed_pool,914,alloc,685,256,1,458,117248,117248,0,0,0
fixed_pool,915,alloc,686,256,1,459,117504,117504,0,0,0
fixed_pool,916,free,228,0,1,458,117248,117248,0,0,0
fixed_pool,917,alloc,687,256,1,459,117504,117504,0,0,0
fixed_pool,918,alloc,688,256,1,460,117760,117760,0,0,0
fixed_pool,919,alloc,689,256,1,461,118016,118016,0,0,0
fixed_pool,920,free,229,0,1,460,117760,117760,0,0,0
fixed_pool,921,alloc,690,256,1,461,118016,118016,0,0,0
fixed_pool,922,alloc,691,256,1,462,118272,118272,0,0,0
fixed_pool,923,alloc,692,256,1,463,118528,118528,0,0,0
fixed_pool,924,free,230,0,1,462,118272,118272,0,0,0
fixed_pool,925,alloc,693,256,1,463,118528,118528,0,0,0
fixed_pool,926,alloc,694,256,1,464,118784,118784,0,0,0
fixed_pool,927,alloc,695,256,1,465,119040,119040,0,0,0
fixed_pool,928,free,231,0,1,464,118784,118784,0,0,0
fixed_pool,929,alloc,696,256,1,465,119040,119040,0,0,0
fixed_pool,930,alloc,697,256,1,466,119296,119296,0,0,0
fixed_pool,931,alloc,698,256,1,467,119552,119552,0,0,0
fixed_pool,932,free,232,0,1,466,119296,119296,0,0,0
fixed_pool,933,alloc,699,256,1,467,119552,119552,0,0,0
fixed_pool,934,alloc,700,256,1,468,119808,119808,0,0,0
fixed_pool,935,alloc,701,256,1,469,120064,120064,0,0,0
fixed_pool,936,free,233,0,1,468,119808,119808,0,0,0
fixed_pool,937,alloc,702,256,1,469,120064,120064,0,0,0
fixed_pool,938,alloc,703,256,1,470,120320,120320,0,0,0
fixed_pool,939,alloc,704,256,1,471,120576,120576,0,0,0
fixed_pool,940,free,234,0,1,470,120320,120320,0,0,0
fixed_pool,941,alloc,705,256,1,471,120576,120576,0,0,0
fixed_pool,942,alloc,706,256,1,472,120832,120832,0,0,0
fixed_pool,943,alloc,707,256,1,473,121088,121088,0,0,0
fixed_pool,944,free,235,0,1,472,120832,120832,0,0,0
fixed_pool,945,alloc,708,256,1,473,121088,121088,0,0,0
fixed_pool,946,alloc,709,256,1,474,121344,121344,0,0,0
fixed_pool,947,alloc,710,256,1,475,121600,121600,0,0,0
fixed_pool,948,free,236,0,1,474,121344,121344,0,0,0
fixed_pool,949,alloc,711,256,1,475,121600,121600,0,0,0
fixed_pool,950,alloc,712,256,1,476,121856,121856,0,0,0
fixed_pool,951,alloc,713,256,1,477,122112,122112,0,0,0
fixed_pool,952,free,237,0,1,476,121856,121856,0,0,0
fixed_pool,953,alloc,714,256,1,477,122112,122112,0,0,0
fixed_pool,954,alloc,715,256,1,478,122368,122368,0,0,0
fixed_pool,955,alloc,716,256,1,479,122624,122624,0,0,0
fixed_pool,956,free,238,0,1,478,122368,122368,0,0,0
fixed_pool,957,alloc,717,256,1,479,122624,122624,0,0,0
fixed_pool,958,alloc,718,256,1,480,122880,122880,0,0,0
fixed_pool,959,alloc,719,256,1,481,123136,123136,0,0,0
fixed_pool,960,free,239,0,1,480,122880,122880,0,0,0
fixed_pool,961,alloc,720,256,1,481,123136,123136,0,0,0
fixed_pool,962,alloc,721,256,1,482,123392,123392,0,0,0
fixed_pool,963,alloc,722,256,1,483,123648,123648,0,0,0
fixed_pool,964,free,240,0,1,482,123392,123392,0,0,0
fixed_pool,965,alloc,723,256,1,483,123648,123648,0,0,0
fixed_pool,966,alloc,724,256,1,484,123904,123904,0,0,0
fixed_pool,967,alloc,725,256,1,485,124160,124160,0,0,0
fixed_pool,968,free,241,0,1,484,123904,123904,0,0,0
fixed_pool,969,alloc,726,256,1,485,124160,124160,0,0,0
fixed_pool,970,alloc,727,256,1,486,124416,124416,0,0,0
fixed_pool,971,alloc,728,256,1,487,124672,124672,0,0,0
fixed_pool,972,free,242,0,1,486,124416,124416,0,0,0
fixed_pool,973,alloc,729,256,1,487,124672,124672,0,0,0
fixed_pool,974,alloc,730,256,1,488,124928,124928,0,0,0
fixed_pool,975,alloc,731,256,1,489,125184,125184,0,0,0
fixed_pool,976,free,243,0,1,488,124928,124928,0,0,0
fixed_pool,977,alloc,732,256,1,489,125184,125184,0,0,0
fixed_pool,978,alloc,733,256,1,490,125440,125440,0,0,0
fixed_pool,979,alloc,734,256,1,491,125696,125696,0,0,0
fixed_pool,980,free,244,0,1,490,125440,125440,0,0,0
fixed_pool,981,alloc,735,256,1,491,125696,125696,0,0,0
fixed_pool,982,alloc,736,256,1,492,125952,125952,0,0,0
fixed_pool,983,alloc,737,256,1,493,126208,126208,0,0,0
fixed_pool,984,free,245,0,1,492,125952,125952,0,0,0
fixed_pool,985,alloc,738,256,1,493,126208,126208,0,0,0
fixed_pool,986,alloc,739,256,1,494,126464,126464,0,0,0
fixed_pool,987,alloc,740,256,1,495,126720,126720,0,0,0
fixed_pool,988,free,246,0,1,494,126464,126464,0,0,0
fixed_pool,989,alloc,741,256,1,495,126720,126720,0,0,0
fixed_pool,990,alloc,742,256,1,496,126976,126976,0,0,0
fixed_pool,991,alloc,743,256,1,497,127232,127232,0,0,0
fixed_pool,992,free,247,0,1,496,126976,126976,0,0,0
fixed_pool,993,alloc,744,256,1,497,127232,127232,0,0,0
fixed_pool,994,alloc,745,256,1,498,127488,127488,0,0,0
fixed_pool,995,alloc,746,256,1,499,127744,127744,0,0,0
fixed_pool,996,free,248,0,1,498,127488,127488,0,0,0
fixed_pool,997,alloc,747,256,1,499,127744,127744,0,0,0
fixed_pool,998,alloc,748,256,1,500,128000,128000,0,0,0
fixed_pool,999,alloc,749,256,1,501,128256,128256,0,0,0
fixed_pool,1000,free,249,0,1,500,128000,128000,0,0,0
malloc,1,alloc,0,256,1,1,256,264,8,0,0
malloc,2,alloc,1,256,1,2,512,528,16,0,0
malloc,3,alloc,2,256,1,3,768,792,24,0,0
malloc,4,free,0,0,1,2,512,528,16,0,0
malloc,5,alloc,3,256,1,3,768,792,24,0,0
malloc,6,alloc,4,256,1,4,1024,1056,32,0,0
malloc,7,alloc,5,256,1,5,1280,1320,40,0,0
malloc,8,free,1,0,1,4,1024,1056,32,0,0
malloc,9,alloc,6,256,1,5,1280,1320,40,0,0
malloc,10,alloc,7,256,1,6,1536,1584,48,0,0
malloc,11,alloc,8,256,1,7,1792,1848,56,0,0
malloc,12,free,2,0,1,6,1536,1584,48,0,0
malloc,13,alloc,9,256,1,7,1792,1848,56,0,0
malloc,14,alloc,10,256,1,8,2048,2112,64,0,0
malloc,15,alloc,11,256,1,9,2304,2376,72,0,0
malloc,16,free,3,0,1,8,2048,2112,64,0,0
malloc,17,alloc,12,256,1,9,2304,2376,72,0,0
malloc,18,alloc,13,256,1,10,2560,2640,80,0,0
malloc,19,alloc,14,256,1,11,2816,2904,88,0,0
malloc,20,free,4,0,1,10,2560,2640,80,0,0
malloc,21,alloc,15,256,1,11,2816,2904,88,0,0
malloc,22,alloc,16,256,1,12,3072,3168,96,0,0
malloc,23,alloc,17,256,1,13,3328,3432,104,0,0
malloc,24,free,5,0,1,12,3072,3168,96,0,0
malloc,25,alloc,18,256,1,13,3328,3432,104,0,0
malloc,26,alloc,19,256,1,14,3584,3696,112,0,0
malloc,27,alloc,20,256,1,15,3840,3960,120,0,0
malloc,28,free,6,0,1,14,3584,3696,112,0,0
malloc,29,alloc,21,256,1,15,3840,3960,120,0,0
malloc,30,alloc,22,256,1,16,4096,4224,128,0,0
malloc,31,alloc,23,256,1,17,4352,4488,136,0,0
malloc,32,free,7,0,1,16,4096,4224,128,0,0
malloc,33,alloc,24,256,1,17,4352,4488,136,0,0
malloc,34,alloc,25,256,1,18,4608,4752,144,0,0
malloc,35,alloc,26,256,1,19,4864,5016,152,0,0
malloc,36,free,8,0,1,18,4608,4752,144,0,0
malloc,37,alloc,27,256,1,19,4864,5016,152,0,0
malloc,38,alloc,28,256,1,20,5120,5280,160,0,0
malloc,39,alloc,29,256,1,21,5376,5544,168,0,0
malloc,40,free,9,0,1,20,5120,5280,160,0,0
malloc,41,alloc,30,256,1,21,5376,5544,168,0,0
malloc,42,alloc,31,256,1,22,5632,5808,176,0,0
malloc,43,alloc,32,256,1,23,5888,6072,184,0,0
malloc,44,free,10,0,1,22,5632,5808,176,0,0
malloc,45,alloc,33,256,1,23,5888,6072,184,0,0
malloc,46,alloc,34,256,1,24,6144,6336,192,0,0
malloc,47,alloc,35,256,1,25,6400,6600,200,0,0
malloc,48,free,11,0,1,24,6144,6336,192,0,0
malloc,49,alloc,36,256,1,25,6400,6600,200,0,0
malloc,50,alloc,37,256,1,26,6656,6864,208,0,0
malloc,51,alloc,38,256,1,27,6912,7128,216,0,0
malloc,52,free,12,0,1,26,6656,6864,208,0,0
malloc,53,alloc,39,256,1,27,6912,7128,216,0,0
malloc,54,alloc,40,256,1,28,7168,7392,224,0,0
malloc,55,alloc,41,256,1,29,7424,7656,232,0,0
malloc,56,free,13,0,1,28,7168,7392,224,0,0
malloc,57,alloc,42,256,1,29,7424,7656,232,0,0
malloc,58,alloc,43,256,1,30,7680,7920,240,0,0
malloc,59,alloc,44,256,1,31,7936,8184,248,0,0
malloc,60,free,14,0,1,30,7680,7920,240,0,0
malloc,61,alloc,45,256,1,31,7936,8184,248,0,0
malloc,62,alloc,46,256,1,32,8192,8448,256,0,0
malloc,63,alloc,47,256,1,33,8448,8712,264,0,0
malloc,64,free,15,0,1,32,8192,8448,256,0,0
malloc,65,alloc,48,256,1,33,8448,8712,264,0,0
malloc,66,alloc,49,256,1,34,8704,8976,272,0,0
malloc,67,alloc,50,256,1,35,8960,9240,280,0,0
malloc,68,free,16,0,1,34,8704,8976,272,0,0
malloc,69,alloc,51,256,1,35,8960,9240,280,0,0
malloc,70,alloc,52,256,1,36,9216,9504,288,0,0
malloc,71,alloc,53,256,1,37,9472,9768,296,0,0
malloc,72,free,17,0,1,36,9216,9504,288,0,0
malloc,73,alloc,54,256,1,37,9472,9768,296,0,0
malloc,74,alloc,55,256,1,38,9728,10032,304,0,0
malloc,75,alloc,56,256,1,39,9984,10296,312,0,0
malloc,76,free,18,0,1,38,9728,10032,304,0,0
malloc,77,alloc,57,256,1,39,9984,10296,312,0,0
malloc,78,alloc,58,256,1,40,10240,10560,320,0,0
malloc,79,alloc,59,256,1,41,10496,10824,328,0,0
malloc,80,free,19,0,1,40,10240,10560,320,0,0
malloc,81,alloc,60,256,1,41,10496,10824,328,0,0
malloc,82,alloc,61,256,1,42,10752,11088,336,0,0
malloc,83,alloc,62,256,1,43,11008,11352,344,0,0
malloc,84,free,20,0,1,42,10752,11088,336,0,0
malloc,85,alloc,63,256,1,43,11008,11352,344,0,0
malloc,86,alloc,64,256,1,44,11264,11616,352,0,0
malloc,87,alloc,65,256,1,45,11520,11880,360,0,0
malloc,88,free,21,0,1,44,11264,11616,352,0,0
malloc,89,alloc,66,256,1,45,11520,11880,360,0,0
malloc,90,alloc,67,256,1,46,11776,12144,368,0,0
malloc,91,alloc,68,256,1,47,12032,12408,376,0,0
malloc,92,free,22,0,1,46,11776,12144,368,0,0
malloc,93,alloc,69,256,1,47,12032,12408,376,0,0
malloc,94,alloc,70,256,1,48,12288,12672,384,0,0
malloc,95,alloc,71,256,1,49,12544,12936,392,0,0
malloc,96,free,23,0,1,48,12288,12672,384,0,0
malloc,97,alloc,72,256,1,49,12544,12936,392,0,0
malloc,98,alloc,73,256,1,50,12800,13200,400,0,0
malloc,99,alloc,74,256,1,51,13056,13464,408,0,0
malloc,100,free,24,0,1,50,12800,13200,400,0,0
malloc,101,alloc,75,256,1,51,13056,13464,408,0,0
malloc,102,alloc,76,256,1,52,13312,13728,416,0,0
malloc,103,alloc,77,256,1,53,13568,13992,424,0,0
malloc,104,free,25,0,1,52,13312,13728,416,0,0
malloc,105,alloc,78,256,1,53,13568,13992,424,0,0
malloc,106,alloc,79,256,1,54,13824,14256,432,0,0
malloc,107,alloc,80,256,1,55,14080,14520,440,0,0
malloc,108,free,26,0,1,54,13824,14256,432,0,0
malloc,109,alloc,81,256,1,55,14080,14520,440,0,0
malloc,110,alloc,82,256,1,56,14336,14784,448,0,0
malloc,111,alloc,83,256,1,57,14592,15048,456,0,0
malloc,112,free,27,0,1,56,14336,14784,448,0,0
malloc,113,alloc,84,256,1,57,14592,15048,456,0,0
malloc,114,alloc,85,256,1,58,14848,15312,464,0,0
malloc,115,alloc,86,256,1,59,15104,15576,472,0,0
malloc,116,free,28,0,1,58,14848,15312,464,0,0
malloc,117,alloc,87,256,1,59,15104,15576,472,0,0
malloc,118,alloc,88,256,1,60,15360,15840,480,0,0
malloc,119,alloc,89,256,1,61,15616,16104,488,0,0
malloc,120,free,29,0,1,60,15360,15840,480,0,0
malloc,121,alloc,90,256,1,61,15616,16104,488,0,0
malloc,122,alloc,91,256,1,62,15872,16368,496,0,0
malloc,123,alloc,92,256,1,63,16128,16632,504,0,0
malloc,124,free,30,0,1,62,15872,16368,496,0,0
malloc,125,alloc,93,256,1,63,16128,16632,504,0,0
malloc,126,alloc,94,256,1,64,16384,16896,512,0,0
malloc,127,alloc,95,256,1,65,16640,17160,520,0,0
malloc,128,free,31,0,1,64,16384,16896,512,0,0
malloc,129,alloc,96,256,1,65,16640,17160,520,0,0
malloc,130,alloc,97,256,1,66,16896,17424,528,0,0
malloc,131,alloc,98,256,1,67,17152,17688,536,0,0
malloc,132,free,32,0,1,66,16896,17424,528,0,0
malloc,133,alloc,99,256,1,67,17152,17688,536,0,0
malloc,134,alloc,100,256,1,68,17408,17952,544,0,0
malloc,135,alloc,101,256,1,69,17664,18216,552,0,0
malloc,136,free,33,0,1,68,17408,17952,544,0,0
malloc,137,alloc,102,256,1,69,17664,18216,552,0,0
malloc,138,alloc,103,256,1,70,17920,18480,560,0,0
malloc,139,alloc,104,256,1,71,18176,18744,568,0,0
malloc,140,free,34,0,1,70,17920,18480,560,0,0
malloc,141,alloc,105,256,1,71,18176,18744,568,0,0
malloc,142,alloc,106,256,1,72,18432,19008,576,0,0
malloc,143,alloc,107,256,1,73,18688,19272,584,0,0
malloc,144,free,35,0,1,72,18432,19008,576,0,0
malloc,145,alloc,108,256,1,73,18688,19272,584,0,0
malloc,146,alloc,109,256,1,74,18944,19536,592,0,0
malloc,147,alloc,110,256,1,75,19200,19800,600,0,0
malloc,148,free,36,0,1,74,18944,19536,592,0,0
malloc,149,alloc,111,256,1,75,19200,19800,600,0,0
malloc,150,alloc,112,256,1,76,19456,20064,608,0,0
malloc,151,alloc,113,256,1,77,19712,20328,616,0,0
malloc,152,free,37,0,1,76,19456,20064,608,0,0
malloc,153,alloc,114,256,1,77,19712,20328,616,0,0
malloc,154,alloc,115,256,1,78,19968,20592,624,0,0
malloc,155,alloc,116,256,1,79,20224,20856,632,0,0
malloc,156,free,38,0,1,78,19968,20592,624,0,0
malloc,157,alloc,117,256,1,79,20224,20856,632,0,0
malloc,158,alloc,118,256,1,80,20480,21120,640,0,0
malloc,159,alloc,119,256,1,81,20736,21384,648,0,0
malloc,160,free,39,0,1,80,20480,21120,640,0,0
malloc,161,alloc,120,256,1,81,20736,21384,648,0,0
malloc,162,alloc,121,256,1,82,20992,21648,656,0,0
malloc,163,alloc,122,256,1,83,21248,21912,664,0,0
malloc,164,free,40,0,1,82,20992,21648,656,0,0
malloc,165,alloc,123,256,1,83,21248,21912,664,0,0
malloc,166,alloc,124,256,1,84,21504,22176,672,0,0
malloc,167,alloc,125,256,1,85,21760,22440,680,0,0
malloc,168,free,41,0,1,84,21504,22176,672,0,0
malloc,169,alloc,126,256,1,85,21760,22440,680,0,0
malloc,170,alloc,127,256,1,86,22016,22704,688,0,0
malloc,171,alloc,128,256,1,87,22272,22968,696,0,0
malloc,172,free,42,0,1,86,22016,22704,688,0,0
malloc,173,alloc,129,256,1,87,22272,22968,696,0,0
malloc,174,alloc,130,256,1,88,22528,23232,704,0,0
malloc,175,alloc,131,256,1,89,22784,23496,712,0,0
malloc,176,free,43,0,1,88,22528,23232,704,0,0
malloc,177,alloc,132,256,1,89,22784,23496,712,0,0
malloc,178,alloc,133,256,1,90,23040,23760,720,0,0
malloc,179,alloc,134,256,1,91,23296,24024,728,0,0
malloc,180,free,44,0,1,90,23040,23760,720,0,0
malloc,181,alloc,135,256,1,91,23296,24024,728,0,0
malloc,182,alloc,136,256,1,92,23552,24288,736,0,0
malloc,183,alloc,137,256,1,93,23808,24552,744,0,0
malloc,184,free,45,0,1,92,23552,24288,736,0,0
malloc,185,alloc,138,256,1,93,23808,24552,744,0,0
malloc,186,alloc,139,256,1,94,24064,24816,752,0,0
malloc,187,alloc,140,256,1,95,24320,25080,760,0,0
malloc,188,free,46,0,1,94,24064,24816,752,0,0
malloc,189,alloc,141,256,1,95,24320,25080,760,0,0
malloc,190,alloc,142,256,1,96,24576,25344,768,0,0
malloc,191,alloc,143,256,1,97,24832,25608,776,0,0
malloc,192,free,47,0,1,96,24576,25344,768,0,0
malloc,193,alloc,144,256,1,97,24832,25608,776,0,0
malloc,194,alloc,145,256,1,98,25088,25872,784,0,0
malloc,195,alloc,146,256,1,99,25344,26136,792,0,0
malloc,196,free,48,0,1,98,25088,25872,784,0,0
malloc,197,alloc,147,256,1,99,25344,26136,792,0,0
malloc,198,alloc,148,256,1,100,25600,26400,800,0,0
malloc,199,alloc,149,256,1,101,25856,26664,808,0,0
malloc,200,free,49,0,1,100,25600,26400,800,0,0
malloc,201,alloc,150,256,1,101,25856,26664,808,0,0
malloc,202,alloc,151,256,1,102,26112,26928,816,0,0
malloc,203,alloc,152,256,1,103,26368,27192,824,0,0
malloc,204,free,50,0,1,102,26112,26928,816,0,0
malloc,205,alloc,153,256,1,103,26368,27192,824,0,0
malloc,206,alloc,154,256,1,104,26624,27456,832,0,0
malloc,207,alloc,155,256,1,105,26880,27720,840,0,0
malloc,208,free,51,0,1,104,26624,27456,832,0,0
malloc,209,alloc,156,256,1,105,26880,27720,840,0,0
malloc,210,alloc,157,256,1,106,27136,27984,848,0,0
malloc,211,alloc,158,256,1,107,27392,28248,856,0,0
malloc,212,free,52,0,1,106,27136,27984,848,0,0
malloc,213,alloc,159,256,1,107,27392,28248,856,0,0
malloc,214,alloc,160,256,1,108,27648,28512,864,0,0
malloc,215,alloc,161,256,1,109,27904,28776,872,0,0
malloc,216,free,53,0,1,108,27648,28512,864,0,0
malloc,217,alloc,162,256,1,109,27904,28776,872,0,0
malloc,218,alloc,163,256,1,110,28160,29040,880,0,0
malloc,219,alloc,164,256,1,111,28416,29304,888,0,0
malloc,220,free,54,0,1,110,28160,29040,880,0,0
malloc,221,alloc,165,256,1,111,28416,29304,888,0,0
malloc,222,alloc,166,256,1,112,28672,29568,896,0,0
malloc,223,alloc,167,256,1,113,28928,29832,904,0,0
malloc,224,free,55,0,1,112,28672,29568,896,0,0
malloc,225,alloc,168,256,1,113,28928,29832,904,0,0
malloc,226,alloc,169,256,1,114,29184,30096,912,0,0
malloc,227,alloc,170,256,1,115,29440,30360,920,0,0
malloc,228,free,56,0,1,114,29184,30096,912,0,0
malloc,229,alloc,171,256,1,115,29440,30360,920,0,0
malloc,230,alloc,172,256,1,116,29696,30624,928,0,0
malloc,231,alloc,173,256,1,117,29952,30888,936,0,0
malloc,232,free,57,0,1,116,29696,30624,928,0,0
malloc,233,alloc,174,256,1,117,29952,30888,936,0,0
malloc,234,alloc,175,256,1,118,30208,31152,944,0,0
malloc,235,alloc,176,256,1,119,30464,31416,952,0,0
malloc,236,free,58,0,1,118,30208,31152,944,0,0
malloc,237,alloc,177,256,1,119,30464,31416,952,0,0
malloc,238,alloc,178,256,1,120,30720,31680,960,0,0
malloc,239,alloc,179,256,1,121,30976,31944,968,0,0
malloc,240,free,59,0,1,120,30720,31680,960,0,0
malloc,241,alloc,180,256,1,121,30976,31944,968,0,0
malloc,242,alloc,181,256,1,122,31232,32208,976,0,0
malloc,243,alloc,182,256,1,123,31488,32472,984,0,0
malloc,244,free,60,0,1,122,31232,32208,976,0,0
malloc,245,alloc,183,256,1,123,31488,32472,984,0,0
malloc,246,alloc,184,256,1,124,31744,32736,992,0,0
malloc,247,alloc,185,256,1,125,32000,33000,1000,0,0
malloc,248,free,61,0,1,124,31744,32736,992,0,0
malloc,249,alloc,186,256,1,125,32000,33000,1000,0,0
malloc,250,alloc,187,256,1,126,32256,33264,1008,0,0
malloc,251,alloc,188,256,1,127,32512,33528,1016,0,0
malloc,252,free,62,0,1,126,32256,33264,1008,0,0
malloc,253,alloc,189,256,1,127,32512,33528,1016,0,0
malloc,254,alloc,190,256,1,128,32768,33792,1024,0,0
malloc,255,alloc,191,256,1,129,33024,34056,1032,0,0
malloc,256,free,63,0,1,128,32768,33792,1024,0,0
malloc,257,alloc,192,256,1,129,33024,34056,1032,0,0
malloc,258,alloc,193,256,1,130,33280,34320,1040,0,0
malloc,259,alloc,194,256,1,131,33536,34584,1048,0,0
malloc,260,free,64,0,1,130,33280,34320,1040,0,0
malloc,261,alloc,195,256,1,131,33536,34584,1048,0,0
malloc,262,alloc,196,256,1,132,33792,34848,1056,0,0
malloc,263,alloc,197,256,1,133,34048,35112,1064,0,0
malloc,264,free,65,0,1,132,33792,34848,1056,0,0
malloc,265,alloc,198,256,1,133,34048,35112,1064,0,0
malloc,266,alloc,199,256,1,134,34304,35376,1072,0,0
malloc,267,alloc,200,256,1,135,34560,35640,1080,0,0
malloc,268,free,66,0,1,134,34304,35376,1072,0,0
malloc,269,alloc,201,256,1,135,34560,35640,1080,0,0
malloc,270,alloc,202,256,1,136,34816,35904,1088,0,0
malloc,271,alloc,203,256,1,137,35072,36168,1096,0,0
malloc,272,free,67,0,1,136,34816,35904,1088,0,0
malloc,273,alloc,204,256,1,137,35072,36168,1096,0,0
malloc,274,alloc,205,256,1,138,35328,36432,1104,0,0
malloc,275,alloc,206,256,1,139,35584,36696,1112,0,0
malloc,276,free,68,0,1,138,35328,36432,1104,0,0
malloc,277,alloc,207,256,1,139,35584,36696,1112,0,0
malloc,278,alloc,208,256,1,140,35840,36960,1120,0,0
malloc,279,alloc,209,256,1,141,36096,37224,1128,0,0
malloc,280,free,69,0,1,140,35840,36960,1120,0,0
malloc,281,alloc,210,256,1,141,36096,37224,1128,0,0
malloc,282,alloc,211,256,1,142,36352,37488,1136,0,0
malloc,283,alloc,212,256,1,143,36608,37752,1144,0,0
malloc,284,free,70,0,1,142,36352,37488,1136,0,0
malloc,285,alloc,213,256,1,143,36608,37752,1144,0,0
malloc,286,alloc,214,256,1,144,36864,38016,1152,0,0
malloc,287,alloc,215,256,1,145,37120,38280,1160,0,0
malloc,288,free,71,0,1,144,36864,38016,1152,0,0
malloc,289,alloc,216,256,1,145,37120,38280,1160,0,0
malloc,290,alloc,217,256,1,146,37376,38544,1168,0,0
malloc,291,alloc,218,256,1,147,37632,38808,1176,0,0
malloc,292,free,72,0,1,146,37376,38544,1168,0,0
malloc,293,alloc,219,256,1,147,37632,38808,1176,0,0
malloc,294,alloc,220,256,1,148,37888,39072,1184,0,0
malloc,295,alloc,221,256,1,149,38144,39336,1192,0,0
malloc,296,free,73,0,1,148,37888,39072,1184,0,0
malloc,297,alloc,222,256,1,149,38144,39336,1192,0,0
malloc,298,alloc,223,256,1,150,38400,39600,1200,0,0
malloc,299,alloc,224,256,1,151,38656,39864,1208,0,0
malloc,300,free,74,0,1,150,38400,39600,1200,0,0
malloc,301,alloc,225,256,1,151,38656,39864,1208,0,0
malloc,302,alloc,226,256,1,152,38912,40128,1216,0,0
malloc,303,alloc,227,256,1,153,39168,40392,1224,0,0
malloc,304,free,75,0,1,152,38912,40128,1216,0,0
malloc,305,alloc,228,256,1,153,39168,40392,1224,0,0
malloc,306,alloc,229,256,1,154,39424,40656,1232,0,0
malloc,307,alloc,230,256,1,155,39680,40920,1240,0,0
malloc,308,free,76,0,1,154,39424,40656,1232,0,0
malloc,309,alloc,231,256,1,155,39680,40920,1240,0,0
malloc,310,alloc,232,256,1,156,39936,41184,1248,0,0
malloc,311,alloc,233,256,1,157,40192,41448,1256,0,0
malloc,312,free,77,0,1,156,39936,41184,1248,0,0
malloc,313,alloc,234,256,1,157,40192,41448,1256,0,0
malloc,314,alloc,235,256,1,158,40448,41712,1264,0,0
malloc,315,alloc,236,256,1,159,40704,41976,1272,0,0
malloc,316,free,78,0,1,158,40448,41712,1264,0,0
malloc,317,alloc,237,256,1,159,40704,41976,1272,0,0
malloc,318,alloc,238,256,1,160,40960,42240,1280,0,0
malloc,319,alloc,239,256,1,161,41216,42504,1288,0,0
malloc,320,free,79,0,1,160,40960,42240,1280,0,0
malloc,321,alloc,240,256,1,161,41216,42504,1288,0,0
malloc,322,alloc,241,256,1,162,41472,42768,1296,0,0
malloc,323,alloc,242,256,1,163,41728,43032,1304,0,0
malloc,324,free,80,0,1,162,41472,42768,1296,0,0
malloc,325,alloc,243,256,1,163,41728,43032,1304,0,0
malloc,326,alloc,244,256,1,164,41984,43296,1312,0,0
malloc,327,alloc,245,256,1,165,42240,43560,1320,0,0
malloc,328,free,81,0,1,164,41984,43296,1312,0,0
malloc,329,alloc,246,256,1,165,42240,43560,1320,0,0
malloc,330,alloc,247,256,1,166,42496,43824,1328,0,0
malloc,331,alloc,248,256,1,167,42752,44088,1336,0,0
malloc,332,free,82,0,1,166,42496,43824,1328,0,0
malloc,333,alloc,249,256,1,167,42752,44088,1336,0,0
malloc,334,alloc,250,256,1,168,43008,44352,1344,0,0
malloc,335,alloc,251,256,1,169,43264,44616,1352,0,0
malloc,336,free,83,0,1,168,43008,44352,1344,0,0
malloc,337,alloc,252,256,1,169,43264,44616,1352,0,0
malloc,338,alloc,253,256,1,170,43520,44880,1360,0,0
malloc,339,alloc,254,256,1,171,43776,45144,1368,0,0
malloc,340,free,84,0,1,170,43520,44880,1360,0,0
malloc,341,alloc,255,256,1,171,43776,45144,1368,0,0
malloc,342,alloc,256,256,1,172,44032,45408,1376,0,0
malloc,343,alloc,257,256,1,173,44288,45672,1384,0,0
malloc,344,free,85,0,1,172,44032,45408,1376,0,0
malloc,345,alloc,258,256,1,173,44288,45672,1384,0,0
malloc,346,alloc,259,256,1,174,44544,45936,1392,0,0
malloc,347,alloc,260,256,1,175,44800,46200,1400,0,0
malloc,348,free,86,0,1,174,44544,45936,1392,0,0
malloc,349,alloc,261,256,1,175,44800,46200,1400,0,0
malloc,350,alloc,262,256,1,176,45056,46464,1408,0,0
malloc,351,alloc,263,256,1,177,45312,46728,1416,0,0
malloc,352,free,87,0,1,176,45056,46464,1408,0,0
malloc,353,alloc,264,256,1,177,45312,46728,1416,0,0
malloc,354,alloc,265,256,1,178,45568,46992,1424,0,0
malloc,355,alloc,266,256,1,179,45824,47256,1432,0,0
malloc,356,free,88,0,1,178,45568,46992,1424,0,0
malloc,357,alloc,267,256,1,179,45824,47256,1432,0,0
malloc,358,alloc,268,256,1,180,46080,47520,1440,0,0
malloc,359,alloc,269,256,1,181,46336,47784,1448,0,0
malloc,360,free,89,0,1,180,46080,47520,1440,0,0
malloc,361,alloc,270,256,1,181,46336,47784,1448,0,0
malloc,362,alloc,271,256,1,182,46592,48048,1456,0,0
malloc,363,alloc,272,256,1,183,46848,48312,1464,0,0
malloc,364,free,90,0,1,182,46592,48048,1456,0,0
malloc,365,alloc,273,256,1,183,46848,48312,1464,0,0
malloc,366,alloc,274,256,1,184,47104,48576,1472,0,0
malloc,367,alloc,275,256,1,185,47360,48840,1480,0,0
malloc,368,free,91,0,1,184,47104,48576,1472,0,0
malloc,369,alloc,276,256,1,185,47360,48840,1480,0,0
malloc,370,alloc,277,256,1,186,47616,49104,1488,0,0
malloc,371,alloc,278,256,1,187,47872,49368,1496,0,0
malloc,372,free,92,0,1,186,47616,49104,1488,0,0
malloc,373,alloc,279,256,1,187,47872,49368,1496,0,0
malloc,374,alloc,280,256,1,188,48128,49632,1504,0,0
malloc,375,alloc,281,256,1,189,48384,49896,1512,0,0
malloc,376,free,93,0,1,188,48128,49632,1504,0,0
malloc,377,alloc,282,256,1,189,48384,49896,1512,0,0
malloc,378,alloc,283,256,1,190,48640,50160,1520,0,0
malloc,379,alloc,284,256,1,191,48896,50424,1528,0,0
malloc,380,free,94,0,1,190,48640,50160,1520,0,0
malloc,381,alloc,285,256,1,191,48896,50424,1528,0,0
malloc,382,alloc,286,256,1,192,49152,50688,1536,0,0
malloc,383,alloc,287,256,1,193,49408,50952,1544,0,0
malloc,384,free,95,0,1,192,49152,50688,1536,0,0
malloc,385,alloc,288,256,1,193,49408,50952,1544,0,0
malloc,386,alloc,289,256,1,194,49664,51216,1552,0,0
malloc,387,alloc,290,256,1,195,49920,51480,1560,0,0
malloc,388,free,96,0,1,194,49664,51216,1552,0,0
malloc,389,alloc,291,256,1,195,49920,51480,1560,0,0
malloc,390,alloc,292,256,1,196,50176,51744,1568,0,0
malloc,391,alloc,293,256,1,197,50432,52008,1576,0,0
malloc,392,free,97,0,1,196,50176,51744,1568,0,0
malloc,393,alloc,294,256,1,197,50432,52008,1576,0,0
malloc,394,alloc,295,256,1,198,50688,52272,1584,0,0
malloc,395,alloc,296,256,1,199,50944,52536,1592,0,0
malloc,396,free,98,0,1,198,50688,52272,1584,0,0
malloc,397,alloc,297,256,1,199,50944,52536,1592,0,0
malloc,398,alloc,298,256,1,200,51200,52800,1600,0,0
malloc,399,alloc,299,256,1,201,51456,53064,1608,0,0
malloc,400,free,99,0,1,200,51200,52800,1600,0,0
malloc,401,alloc,300,256,1,201,51456,53064,1608,0,0
malloc,402,alloc,301,256,1,202,51712,53328,1616,0,0
malloc,403,alloc,302,256,1,203,51968,53592,1624,0,0
malloc,404,free,100,0,1,202,51712,53328,1616,0,0
malloc,405,alloc,303,256,1,203,51968,53592,1624,0,0
malloc,406,alloc,304,256,1,204,52224,53856,1632,0,0
malloc,407,alloc,305,256,1,205,52480,54120,1640,0,0
malloc,408,free,101,0,1,204,52224,53856,1632,0,0
malloc,409,alloc,306,256,1,205,52480,54120,1640,0,0
malloc,410,alloc,307,256,1,206,52736,54384,1648,0,0
malloc,411,alloc,308,256,1,207,52992,54648,1656,0,0
malloc,412,free,102,0,1,206,52736,54384,1648,0,0
malloc,413,alloc,309,256,1,207,52992,54648,1656,0,0
malloc,414,alloc,310,256,1,208,53248,54912,1664,0,0
malloc,415,alloc,311,256,1,209,53504,55176,1672,0,0
malloc,416,free,103,0,1,208,53248,54912,1664,0,0
malloc,417,alloc,312,256,1,209,53504,55176,1672,0,0
malloc,418,alloc,313,256,1,210,53760,55440,1680,0,0
malloc,419,alloc,314,256,1,211,54016,55704,1688,0,0
malloc,420,free,104,0,1,210,53760,55440,1680,0,0
malloc,421,alloc,315,256,1,211,54016,55704,1688,0,0
malloc,422,alloc,316,256,1,212,54272,55968,1696,0,0
malloc,423,alloc,317,256,1,213,54528,56232,1704,0,0
malloc,424,free,105,0,1,212,54272,55968,1696,0,0
malloc,425,alloc,318,256,1,213,54528,56232,1704,0,0
malloc,426,alloc,319,256,1,214,54784,56496,1712,0,0
malloc,427,alloc,320,256,1,215,55040,56760,1720,0,0
malloc,428,free,106,0,1,214,54784,56496,1712,0,0
malloc,429,alloc,321,256,1,215,55040,56760,1720,0,0
malloc,430,alloc,322,256,1,216,55296,57024,1728,0,0
malloc,431,alloc,323,256,1,217,55552,57288,1736,0,0
malloc,432,free,107,0,1,216,55296,57024,1728,0,0
malloc,433,alloc,324,256,1,217,55552,57288,1736,0,0
malloc,434,alloc,325,256,1,218,55808,57552,1744,0,0
malloc,435,alloc,326,256,1,219,56064,57816,1752,0,0
malloc,436,free,108,0,1,218,55808,57552,1744,0,0
malloc,437,alloc,327,256,1,219,56064,57816,1752,0,0
malloc,438,alloc,328,256,1,220,56320,58080,1760,0,0
malloc,439,alloc,329,256,1,221,56576,58344,1768,0,0
malloc,440,free,109,0,1,220,56320,58080,1760,0,0
malloc,441,alloc,330,256,1,221,56576,58344,1768,0,0
malloc,442,alloc,331,256,1,222,56832,58608,1776,0,0
malloc,443,alloc,332,256,1,223,57088,58872,1784,0,0
malloc,444,free,110,0,1,222,56832,58608,1776,0,0
malloc,445,alloc,333,256,1,223,57088,58872,1784,0,0
malloc,446,alloc,334,256,1,224,57344,59136,1792,0,0
malloc,447,alloc,335,256,1,225,57600,59400,1800,0,0
malloc,448,free,111,0,1,224,57344,59136,1792,0,0
malloc,449,alloc,336,256,1,225,57600,59400,1800,0,0
malloc,450,alloc,337,256,1,226,57856,59664,1808,0,0
malloc,451,alloc,338,256,1,227,58112,59928,1816,0,0
malloc,452,free,112,0,1,226,57856,59664,1808,0,0
malloc,453,alloc,339,256,1,227,58112,59928,1816,0,0
malloc,454,alloc,340,256,1,228,58368,60192,1824,0,0
malloc,455,alloc,341,256,1,229,58624,60456,1832,0,0
malloc,456,free,113,0,1,228,58368,60192,1824,0,0
malloc,457,alloc,342,256,1,229,58624,60456,1832,0,0
malloc,458,alloc,343,256,1,230,58880,60720,1840,0,0
malloc,459,alloc,344,256,1,231,59136,60984,1848,0,0
malloc,460,free,114,0,1,230,58880,60720,1840,0,0
malloc,461,alloc,345,256,1,231,59136,60984,1848,0,0
malloc,462,alloc,346,256,1,232,59392,61248,1856,0,0
malloc,463,alloc,347,256,1,233,59648,61512,1864,0,0
malloc,464,free,115,0,1,232,59392,61248,1856,0,0
malloc,465,alloc,348,256,1,233,59648,61512,1864,0,0
malloc,466,alloc,349,256,1,234,59904,61776,1872,0,0
malloc,467,alloc,350,256,1,235,60160,62040,1880,0,0
malloc,468,free,116,0,1,234,59904,61776,1872,0,0
malloc,469,alloc,351,256,1,235,60160,62040,1880,0,0
malloc,470,alloc,352,256,1,236,60416,62304,1888,0,0
malloc,471,alloc,353,256,1,237,60672,62568,1896,0,0
malloc,472,free,117,0,1,236,60416,62304,1888,0,0
malloc,473,alloc,354,256,1,237,60672,62568,1896,0,0
malloc,474,alloc,355,256,1,238,60928,62832,1904,0,0
malloc,475,alloc,356,256,1,239,61184,63096,1912,0,0
malloc,476,free,118,0,1,238,60928,62832,1904,0,0
malloc,477,alloc,357,256,1,239,61184,63096,1912,0,0
malloc,478,alloc,358,256,1,240,61440,63360,1920,0,0
malloc,479,alloc,359,256,1,241,61696,63624,1928,0,0
malloc,480,free,119,0,1,240,61440,63360,1920,0,0
malloc,481,alloc,360,256,1,241,61696,63624,1928,0,0
malloc,482,alloc,361,256,1,242,61952,63888,1936,0,0
malloc,483,alloc,362,256,1,243,62208,64152,1944,0,0
malloc,484,free,120,0,1,242,61952,63888,1936,0,0
malloc,485,alloc,363,256,1,243,62208,64152,1944,0,0
malloc,486,alloc,364,256,1,244,62464,64416,1952,0,0
malloc,487,alloc,365,256,1,245,62720,64680,1960,0,0
malloc,488,free,121,0,1,244,62464,64416,1952,0,0
malloc,489,alloc,366,256,1,245,62720,64680,1960,0,0
malloc,490,alloc,367,256,1,246,62976,64944,1968,0,0
malloc,491,alloc,368,256,1,247,63232,65208,1976,0,0
malloc,492,free,122,0,1,246,62976,64944,1968,0,0
malloc,493,alloc,369,256,1,247,63232,65208,1976,0,0
malloc,494,alloc,370,256,1,248,63488,65472,1984,0,0
malloc,495,alloc,371,256,1,249,63744,65736,1992,0,0
malloc,496,free,123,0,1,248,63488,65472,1984,0,0
malloc,497,alloc,372,256,1,249,63744,65736,1992,0,0
malloc,498,alloc,373,256,1,250,64000,66000,2000,0,0
malloc,499,alloc,374,256,1,251,64256,66264,2008,0,0
malloc,500,free,124,0,1,250,64000,66000,2000,0,0
malloc,501,alloc,375,256,1,251,64256,66264,2008,0,0
malloc,502,alloc,376,256,1,252,64512,66528,2016,0,0
malloc,503,alloc,377,256,1,253,64768,66792,2024,0,0
malloc,504,free,125,0,1,252,64512,66528,2016,0,0
malloc,505,alloc,378,256,1,253,64768,66792,2024,0,0
malloc,506,alloc,379,256,1,254,65024,67056,2032,0,0
malloc,507,alloc,380,256,1,255,65280,67320,2040,0,0
malloc,508,free,126,0,1,254,65024,67056,2032,0,0
malloc,509,alloc,381,256,1,255,65280,67320,2040,0,0
malloc,510,alloc,382,256,1,256,65536,67584,2048,0,0
malloc,511,alloc,383,256,1,257,65792,67848,2056,0,0
malloc,512,free,127,0,1,256,65536,67584,2048,0,0
malloc,513,alloc,384,256,1,257,65792,67848,2056,0,0
malloc,514,alloc,385,256,1,258,66048,68112,2064,0,0
malloc,515,alloc,386,256,1,259,66304,68376,2072,0,0
malloc,516,free,128,0,1,258,66048,68112,2064,0,0
malloc,517,alloc,387,256,1,259,66304,68376,2072,0,0
malloc,518,alloc,388,256,1,260,66560,68640,2080,0,0
malloc,519,alloc,389,256,1,261,66816,68904,2088,0,0
malloc,520,free,129,0,1,260,66560,68640,2080,0,0
malloc,521,alloc,390,256,1,261,66816,68904,2088,0,0
malloc,522,alloc,391,256,1,262,67072,69168,2096,0,0
malloc,523,alloc,392,256,1,263,67328,69432,2104,0,0
malloc,524,free,130,0,1,262,67072,69168,2096,0,0
malloc,525,alloc,393,256,1,263,67328,69432,2104,0,0
malloc,526,alloc,394,256,1,264,67584,69696,2112,0,0
malloc,527,alloc,395,256,1,265,67840,69960,2120,0,0
malloc,528,free,131,0,1,264,67584,69696,2112,0,0
malloc,529,alloc,396,256,1,265,67840,69960,2120,0,0
malloc,530,alloc,397,256,1,266,68096,70224,2128,0,0
malloc,531,alloc,398,256,1,267,68352,70488,2136,0,0
malloc,532,free,132,0,1,266,68096,70224,2128,0,0
malloc,533,alloc,399,256,1,267,68352,70488,2136,0,0
malloc,534,alloc,400,256,1,268,68608,70752,2144,0,0
malloc,535,alloc,401,256,1,269,68864,71016,2152,0,0
malloc,536,free,133,0,1,268,68608,70752,2144,0,0
malloc,537,alloc,402,256,1,269,68864,71016,2152,0,0
malloc,538,alloc,403,256,1,270,69120,71280,2160,0,0
malloc,539,alloc,404,256,1,271,69376,71544,2168,0,0
malloc,540,free,134,0,1,270,69120,71280,2160,0,0
malloc,541,alloc,405,256,1,271,69376,71544,2168,0,0
malloc,542,alloc,406,256,1,272,69632,71808,2176,0,0
malloc,543,alloc,407,256,1,273,69888,72072,2184,0,0
malloc,544,free,135,0,1,272,69632,71808,2176,0,0
malloc,545,alloc,408,256,1,273,69888,72072,2184,0,0
malloc,546,alloc,409,256,1,274,70144,72336,2192,0,0
malloc,547,alloc,410,256,1,275,70400,72600,2200,0,0
malloc,548,free,136,0,1,274,70144,72336,2192,0,0
malloc,549,alloc,411,256,1,275,70400,72600,2200,0,0
malloc,550,alloc,412,256,1,276,70656,72864,2208,0,0
malloc,551,alloc,413,256,1,277,70912,73128,2216,0,0
malloc,552,free,137,0,1,276,70656,72864,2208,0,0
malloc,553,alloc,414,256,1,277,70912,73128,2216,0,0
malloc,554,alloc,415,256,1,278,71168,73392,2224,0,0
malloc,555,alloc,416,256,1,279,71424,73656,2232,0,0
malloc,556,free,138,0,1,278,71168,73392,2224,0,0
malloc,557,alloc,417,256,1,279,71424,73656,2232,0,0
malloc,558,alloc,418,256,1,280,71680,73920,2240,0,0
malloc,559,alloc,419,256,1,281,71936,74184,2248,0,0
malloc,560,free,139,0,1,280,71680,73920,2240,0,0
malloc,561,alloc,420,256,1,281,71936,74184,2248,0,0
malloc,562,alloc,421,256,1,282,72192,74448,2256,0,0
malloc,563,alloc,422,256,1,283,72448,74712,2264,0,0
malloc,564,free,140,0,1,282,72192,74448,2256,0,0
malloc,565,alloc,423,256,1,283,72448,74712,2264,0,0
malloc,566,alloc,424,256,1,284,72704,74976,2272,0,0
malloc,567,alloc,425,256,1,285,72960,75240,2280,0,0
malloc,568,free,141,0,1,284,72704,74976,2272,0,0
malloc,569,alloc,426,256,1,285,72960,75240,2280,0,0
malloc,570,alloc,427,256,1,286,73216,75504,2288,0,0
malloc,571,alloc,428,256,1,287,73472,75768,2296,0,0
malloc,572,free,142,0,1,286,73216,75504,2288,0,0
malloc,573,alloc,429,256,1,287,73472,75768,2296,0,0
malloc,574,alloc,430,256,1,288,73728,76032,2304,0,0
malloc,575,alloc,431,256,1,289,73984,76296,2312,0,0
malloc,576,free,143,0,1,288,73728,76032,2304,0,0
malloc,577,alloc,432,256,1,289,73984,76296,2312,0,0
malloc,578,alloc,433,256,1,290,74240,76560,2320,0,0
malloc,579,alloc,434,256,1,291,74496,76824,2328,0,0
malloc,580,free,144,0,1,290,74240,76560,2320,0,0
malloc,581,alloc,435,256,1,291,74496,76824,2328,0,0
malloc,582,alloc,436,256,1,292,74752,77088,2336,0,0
malloc,583,alloc,437,256,1,293,75008,77352,2344,0,0
malloc,584,free,145,0,1,292,74752,77088,2336,0,0
malloc,585,alloc,438,256,1,293,75008,77352,2344,0,0
malloc,586,alloc,439,256,1,294,75264,77616,2352,0,0
malloc,587,alloc,440,256,1,295,75520,77880,2360,0,0
malloc,588,free,146,0,1,294,75264,77616,2352,0,0
malloc,589,alloc,441,256,1,295,75520,77880,2360,0,0
malloc,590,alloc,442,256,1,296,75776,78144,2368,0,0
malloc,591,alloc,443,256,1,297,76032,78408,2376,0,0
malloc,592,free,147,0,1,296,75776,78144,2368,0,0
malloc,593,alloc,444,256,1,297,76032,78408,2376,0,0
malloc,594,alloc,445,256,1,298,76288,78672,2384,0,0
malloc,595,alloc,446,256,1,299,76544,78936,2392,0,0
malloc,596,free,148,0,1,298,76288,78672,2384,0,0
malloc,597,alloc,447,256,1,299,76544,78936,2392,0,0
malloc,598,alloc,448,256,1,300,76800,79200,2400,0,0
malloc,599,alloc,449,256,1,301,77056,79464,2408,0,0
malloc,600,free,149,0,1,300,76800,79200,2400,0,0
malloc,601,alloc,450,256,1,301,77056,79464,2408,0,0
malloc,602,alloc,451,256,1,302,77312,79728,2416,0,0
malloc,603,alloc,452,256,1,303,77568,79992,2424,0,0
malloc,604,free,150,0,1,302,77312,79728,2416,0,0
malloc,605,alloc,453,256,1,303,77568,79992,2424,0,0
malloc,606,alloc,454,256,1,304,77824,80256,2432,0,0
malloc,607,alloc,455,256,1,305,78080,80520,2440,0,0
malloc,608,free,151,0,1,304,77824,80256,2432,0,0
malloc,609,alloc,456,256,1,305,78080,80520,2440,0,0
malloc,610,alloc,457,256,1,306,78336,80784,2448,0,0
malloc,611,alloc,458,256,1,307,78592,81048,2456,0,0
malloc,612,free,152,0,1,306,78336,80784,2448,0,0
malloc,613,alloc,459,256,1,307,78592,81048,2456,0,0
malloc,614,alloc,460,256,1,308,78848,81312,2464,0,0
malloc,615,alloc,461,256,1,309,79104,81576,2472,0,0
malloc,616,free,153,0,1,308,78848,81312,2464,0,0
malloc,617,alloc,462,256,1,309,79104,81576,2472,0,0
malloc,618,alloc,463,256,1,310,79360,81840,2480,0,0
malloc,619,alloc,464,256,1,311,79616,82104,2488,0,0
malloc,620,free,154,0,1,310,79360,81840,2480,0,0
malloc,621,alloc,465,256,1,311,79616,82104,2488,0,0
malloc,622,alloc,466,256,1,312,79872,82368,2496,0,0
malloc,623,alloc,467,256,1,313,80128,82632,2504,0,0
malloc,624,free,155,0,1,312,79872,82368,2496,0,0
malloc,625,alloc,468,256,1,313,80128,82632,2504,0,0
malloc,626,alloc,469,256,1,314,80384,82896,2512,0,0
malloc,627,alloc,470,256,1,315,80640,83160,2520,0,0
malloc,628,free,156,0,1,314,80384,82896,2512,0,0
malloc,629,alloc,471,256,1,315,80640,83160,2520,0,0
malloc,630,alloc,472,256,1,316,80896,83424,2528,0,0
malloc,631,alloc,473,256,1,317,81152,83688,2536,0,0
malloc,632,free,157,0,1,316,80896,83424,2528,0,0
malloc,633,alloc,474,256,1,317,81152,83688,2536,0,0
malloc,634,alloc,475,256,1,318,81408,83952,2544,0,0
malloc,635,alloc,476,256,1,319,81664,84216,2552,0,0
malloc,636,free,158,0,1,318,81408,83952,2544,0,0
malloc,637,alloc,477,256,1,319,81664,84216,2552,0,0
malloc,638,alloc,478,256,1,320,81920,84480,2560,0,0
malloc,639,alloc,479,256,1,321,82176,84744,2568,0,0
malloc,640,free,159,0,1,320,81920,84480,2560,0,0
malloc,641,alloc,480,256,1,321,82176,84744,2568,0,0
malloc,642,alloc,481,256,1,322,82432,85008,2576,0,0
malloc,643,alloc,482,256,1,323,82688,85272,2584,0,0
malloc,644,free,160,0,1,322,82432,85008,2576,0,0
malloc,645,alloc,483,256,1,323,82688,85272,2584,0,0
malloc,646,alloc,484,256,1,324,82944,85536,2592,0,0
malloc,647,alloc,485,256,1,325,83200,85800,2600,0,0
malloc,648,free,161,0,1,324,82944,85536,2592,0,0
malloc,649,alloc,486,256,1,325,83200,85800,2600,0,0
malloc,650,alloc,487,256,1,326,83456,86064,2608,0,0
malloc,651,alloc,488,256,1,327,83712,86328,2616,0,0
malloc,652,free,162,0,1,326,83456,86064,2608,0,0
malloc,653,alloc,489,256,1,327,83712,86328,2616,0,0
malloc,654,alloc,490,256,1,328,83968,86592,2624,0,0
malloc,655,alloc,491,256,1,329,84224,86856,2632,0,0
malloc,656,free,163,0,1,328,83968,86592,2624,0,0
malloc,657,alloc,492,256,1,329,84224,86856,2632,0,0
malloc,658,alloc,493,256,1,330,84480,87120,2640,0,0
malloc,659,alloc,494,256,1,331,84736,87384,2648,0,0
malloc,660,free,164,0,1,330,84480,87120,2640,0,0
malloc,661,alloc,495,256,1,331,84736,87384,2648,0,0
malloc,662,alloc,496,256,1,332,84992,87648,2656,0,0
malloc,663,alloc,497,256,1,333,85248,87912,2664,0,0
malloc,664,free,165,0,1,332,84992,87648,2656,0,0
malloc,665,alloc,498,256,1,333,85248,87912,2664,0,0
malloc,666,alloc,499,256,1,334,85504,88176,2672,0,0
malloc,667,alloc,500,256,1,335,85760,88440,2680,0,0
malloc,668,free,166,0,1,334,85504,88176,2672,0,0
malloc,669,alloc,501,256,1,335,85760,88440,2680,0,0
malloc,670,alloc,502,256,1,336,86016,88704,2688,0,0
malloc,671,alloc,503,256,1,337,86272,88968,2696,0,0
malloc,672,free,167,0,1,336,86016,88704,2688,0,0
malloc,673,alloc,504,256,1,337,86272,88968,2696,0,0
malloc,674,alloc,505,256,1,338,86528,89232,2704,0,0
malloc,675,alloc,506,256,1,339,86784,89496,2712,0,0
malloc,676,free,168,0,1,338,86528,89232,2704,0,0
malloc,677,alloc,507,256,1,339,86784,89496,2712,0,0
malloc,678,alloc,508,256,1,340,87040,89760,2720,0,0
malloc,679,alloc,509,256,1,341,87296,90024,2728,0,0
malloc,680,free,169,0,1,340,87040,89760,2720,0,0
malloc,681,alloc,510,256,1,341,87296,90024,2728,0,0
malloc,682,alloc,511,256,1,342,87552,90288,2736,0,0
malloc,683,alloc,512,256,1,343,87808,90552,2744,0,0
malloc,684,free,170,0,1,342,87552,90288,2736,0,0
malloc,685,alloc,513,256,1,343,87808,90552,2744,0,0
malloc,686,alloc,514,256,1,344,88064,90816,2752,0,0
malloc,687,alloc,515,256,1,345,88320,91080,2760,0,0
malloc,688,free,171,0,1,344,88064,90816,2752,0,0
malloc,689,alloc,516,256,1,345,88320,91080,2760,0,0
malloc,690,alloc,517,256,1,346,88576,91344,2768,0,0
malloc,691,alloc,518,256,1,347,88832,91608,2776,0,0
malloc,692,free,172,0,1,346,88576,91344,2768,0,0
malloc,693,alloc,519,256,1,347,88832,91608,2776,0,0
malloc,694,alloc,520,256,1,348,89088,91872,2784,0,0
malloc,695,alloc,521,256,1,349,89344,92136,2792,0,0
malloc,696,free,173,0,1,348,89088,91872,2784,0,0
malloc,697,alloc,522,256,1,349,89344,92136,2792,0,0
malloc,698,alloc,523,256,1,350,89600,92400,2800,0,0
malloc,699,alloc,524,256,1,351,89856,92664,2808,0,0
malloc,700,free,174,0,1,350,89600,92400,2800,0,0
malloc,701,alloc,525,256,1,351,89856,92664,2808,0,0
malloc,702,alloc,526,256,1,352,90112,92928,2816,0,0
malloc,703,alloc,527,256,1,353,90368,93192,2824,0,0
malloc,704,free,175,0,1,352,90112,92928,2816,0,0
malloc,705,alloc,528,256,1,353,90368,93192,2824,0,0
malloc,706,alloc,529,256,1,354,90624,93456,2832,0,0
malloc,707,alloc,530,256,1,355,90880,93720,2840,0,0
malloc,708,free,176,0,1,354,90624,93456,2832,0,0
malloc,709,alloc,531,256,1,355,90880,93720,2840,0,0
malloc,710,alloc,532,256,1,356,91136,93984,2848,0,0
malloc,711,alloc,533,256,1,357,91392,94248,2856,0,0
malloc,712,free,177,0,1,356,91136,93984,2848,0,0
malloc,713,alloc,534,256,1,357,91392,94248,2856,0,0
malloc,714,alloc,535,256,1,358,91648,94512,2864,0,0
malloc,715,alloc,536,256,1,359,91904,94776,2872,0,0
malloc,716,free,178,0,1,358,91648,94512,2864,0,0
malloc,717,alloc,537,256,1,359,91904,94776,2872,0,0
malloc,718,alloc,538,256,1,360,92160,95040,2880,0,0
malloc,719,alloc,539,256,1,361,92416,95304,2888,0,0
malloc,720,free,179,0,1,360,92160,95040,2880,0,0
malloc,721,alloc,540,256,1,361,92416,95304,2888,0,0
malloc,722,alloc,541,256,1,362,92672,95568,2896,0,0
malloc,723,alloc,542,256,1,363,92928,95832,2904,0,0
malloc,724,free,180,0,1,362,92672,95568,2896,0,0
malloc,725,alloc,543,256,1,363,92928,95832,2904,0,0
malloc,726,alloc,544,256,1,364,93184,96096,2912,0,0
malloc,727,alloc,545,256,1,365,93440,96360,2920,0,0
malloc,728,free,181,0,1,364,93184,96096,2912,0,0
malloc,729,alloc,546,256,1,365,93440,96360,2920,0,0
malloc,730,alloc,547,256,1,366,93696,96624,2928,0,0
malloc,731,alloc,548,256,1,367,93952,96888,2936,0,0
malloc,732,free,182,0,1,366,93696,96624,2928,0,0
malloc,733,alloc,549,256,1,367,93952,96888,2936,0,0
malloc,734,alloc,550,256,1,368,94208,97152,2944,0,0
malloc,735,alloc,551,256,1,369,94464,97416,2952,0,0
malloc,736,free,183,0,1,368,94208,97152,2944,0,0
malloc,737,alloc,552,256,1,369,94464,97416,2952,0,0
malloc,738,alloc,553,256,1,370,94720,97680,2960,0,0
malloc,739,alloc,554,256,1,371,94976,97944,2968,0,0
malloc,740,free,184,0,1,370,94720,97680,2960,0,0
malloc,741,alloc,555,256,1,371,94976,97944,2968,0,0
malloc,742,alloc,556,256,1,372,95232,98208,2976,0,0
malloc,743,alloc,557,256,1,373,95488,98472,2984,0,0
malloc,744,free,185,0,1,372,95232,98208,2976,0,0
malloc,745,alloc,558,256,1,373,95488,98472,2984,0,0
malloc,746,alloc,559,256,1,374,95744,98736,2992,0,0
malloc,747,alloc,560,256,1,375,96000,99000,3000,0,0
malloc,748,free,186,0,1,374,95744,98736,2992,0,0
malloc,749,alloc,561,256,1,375,96000,99000,3000,0,0
malloc,750,alloc,562,256,1,376,96256,99264,3008,0,0
malloc,751,alloc,563,256,1,377,96512,99528,3016,0,0
malloc,752,free,187,0,1,376,96256,99264,3008,0,0
malloc,753,alloc,564,256,1,377,96512,99528,3016,0,0
malloc,754,alloc,565,256,1,378,96768,99792,3024,0,0
malloc,755,alloc,566,256,1,379,97024,100056,3032,0,0
malloc,756,free,188,0,1,378,96768,99792,3024,0,0
malloc,757,alloc,567,256,1,379,97024,100056,3032,0,0
malloc,758,alloc,568,256,1,380,97280,100320,3040,0,0
malloc,759,alloc,569,256,1,381,97536,100584,3048,0,0
malloc,760,free,189,0,1,380,97280,100320,3040,0,0
malloc,761,alloc,570,256,1,381,97536,100584,3048,0,0
malloc,762,alloc,571,256,1,382,97792,100848,3056,0,0
malloc,763,alloc,572,256,1,383,98048,101112,3064,0,0
malloc,764,free,190,0,1,382,97792,100848,3056,0,0
malloc,765,alloc,573,256,1,383,98048,101112,3064,0,0
malloc,766,alloc,574,256,1,384,98304,101376,3072,0,0
malloc,767,alloc,575,256,1,385,98560,101640,3080,0,0
malloc,768,free,191,0,1,384,98304,101376,3072,0,0
malloc,769,alloc,576,256,1,385,98560,101640,3080,0,0
malloc,770,alloc,577,256,1,386,98816,101904,3088,0,0
malloc,771,alloc,578,256,1,387,99072,102168,3096,0,0
malloc,772,free,192,0,1,386,98816,101904,3088,0,0
malloc,773,alloc,579,256,1,387,99072,102168,3096,0,0
malloc,774,alloc,580,256,1,388,99328,102432,3104,0,0
malloc,775,alloc,581,256,1,389,99584,102696,3112,0,0
malloc,776,free,193,0,1,388,99328,102432,3104,0,0
malloc,777,alloc,582,256,1,389,99584,102696,3112,0,0
malloc,778,alloc,583,256,1,390,99840,102960,3120,0,0
malloc,779,alloc,584,256,1,391,100096,103224,3128,0,0
malloc,780,free,194,0,1,390,99840,102960,3120,0,0
malloc,781,alloc,585,256,1,391,100096,103224,3128,0,0
malloc,782,alloc,586,256,1,392,100352,103488,3136,0,0
malloc,783,alloc,587,256,1,393,100608,103752,3144,0,0
malloc,784,free,195,0,1,392,100352,103488,3136,0,0
malloc,785,alloc,588,256,1,393,100608,103752,3144,0,0
malloc,786,alloc,589,256,1,394,100864,104016,3152,0,0
malloc,787,alloc,590,256,1,395,101120,104280,3160,0,0
malloc,788,free,196,0,1,394,100864,104016,3152,0,0
malloc,789,alloc,591,256,1,395,101120,104280,3160,0,0
malloc,790,alloc,592,256,1,396,101376,104544,3168,0,0
malloc,791,alloc,593,256,1,397,101632,104808,3176,0,0
malloc,792,free,197,0,1,396,101376,104544,3168,0,0
malloc,793,alloc,594,256,1,397,101632,104808,3176,0,0
malloc,794,alloc,595,256,1,398,101888,105072,3184,0,0
malloc,795,alloc,596,256,1,399,102144,105336,3192,0,0
malloc,796,free,198,0,1,398,101888,105072,3184,0,0
malloc,797,alloc,597,256,1,399,102144,105336,3192,0,0
malloc,798,alloc,598,256,1,400,102400,105600,3200,0,0
malloc,799,alloc,599,256,1,401,102656,105864,3208,0,0
malloc,800,free,199,0,1,400,102400,105600,3200,0,0
malloc,801,alloc,600,256,1,401,102656,105864,3208,0,0
malloc,802,alloc,601,256,1,402,102912,106128,3216,0,0
malloc,803,alloc,602,256,1,403,103168,106392,3224,0,0
malloc,804,free,200,0,1,402,102912,106128,3216,0,0
malloc,805,alloc,603,256,1,403,103168,106392,3224,0,0
malloc,806,alloc,604,256,1,404,103424,106656,3232,0,0
malloc,807,alloc,605,256,1,405,103680,106920,3240,0,0
malloc,808,free,201,0,1,404,103424,106656,3232,0,0
malloc,809,alloc,606,256,1,405,103680,106920,3240,0,0
malloc,810,alloc,607,256,1,406,103936,107184,3248,0,0
malloc,811,alloc,608,256,1,407,104192,107448,3256,0,0
malloc,812,free,202,0,1,406,103936,107184,3248,0,0
malloc,813,alloc,609,256,1,407,104192,107448,3256,0,0
malloc,814,alloc,610,256,1,408,104448,107712,3264,0,0
malloc,815,alloc,611,256,1,409,104704,107976,3272,0,0
malloc,816,free,203,0,1,408,104448,107712,3264,0,0
malloc,817,alloc,612,256,1,409,104704,107976,3272,0,0
malloc,818,alloc,613,256,1,410,104960,108240,3280,0,0
malloc,819,alloc,614,256,1,411,105216,108504,3288,0,0
malloc,820,free,204,0,1,410,104960,108240,3280,0,0
malloc,821,alloc,615,256,1,411,105216,108504,3288,0,0
malloc,822,alloc,616,256,1,412,105472,108768,3296,0,0
malloc,823,alloc,617,256,1,413,105728,109032,3304,0,0
malloc,824,free,205,0,1,412,105472,108768,3296,0,0
malloc,825,alloc,618,256,1,413,105728,109032,3304,0,0
malloc,826,alloc,619,256,1,414,105984,109296,3312,0,0
malloc,827,alloc,620,256,1,415,106240,109560,3320,0,0
malloc,828,free,206,0,1,414,105984,109296,3312,0,0
malloc,829,alloc,621,256,1,415,106240,109560,3320,0,0
malloc,830,alloc,622,256,1,416,106496,109824,3328,0,0
malloc,831,alloc,623,256,1,417,106752,110088,3336,0,0
malloc,832,free,207,0,1,416,106496,109824,3328,0,0
malloc,833,alloc,624,256,1,417,106752,110088,3336,0,0
malloc,834,alloc,625,256,1,418,107008,110352,3344,0,0
malloc,835,alloc,626,256,1,419,107264,110616,3352,0,0
malloc,836,free,208,0,1,418,107008,110352,3344,0,0
malloc,837,alloc,627,256,1,419,107264,110616,3352,0,0
malloc,838,alloc,628,256,1,420,107520,110880,3360,0,0
malloc,839,alloc,629,256,1,421,107776,111144,3368,0,0
malloc,840,free,209,0,1,420,107520,110880,3360,0,0
malloc,841,alloc,630,256,1,421,107776,111144,3368,0,0
malloc,842,alloc,631,256,1,422,108032,111408,3376,0,0
malloc,843,alloc,632,256,1,423,108288,111672,3384,0,0
malloc,844,free,210,0,1,422,108032,111408,3376,0,0
malloc,845,alloc,633,256,1,423,108288,111672,3384,0,0
malloc,846,alloc,634,256,1,424,108544,111936,3392,0,0
malloc,847,alloc,635,256,1,425,108800,112200,3400,0,0
malloc,848,free,211,0,1,424,108544,111936,3392,0,0
malloc,849,alloc,636,256,1,425,108800,112200,3400,0,0
malloc,850,alloc,637,256,1,426,109056,112464,3408,0,0
malloc,851,alloc,638,256,1,427,109312,112728,3416,0,0
malloc,852,free,212,0,1,426,109056,112464,3408,0,0
malloc,853,alloc,639,256,1,427,109312,112728,3416,0,0
malloc,854,alloc,640,256,1,428,109568,112992,3424,0,0
malloc,855,alloc,641,256,1,429,109824,113256,3432,0,0
malloc,856,free,213,0,1,428,109568,112992,3424,0,0
malloc,857,alloc,642,256,1,429,109824,113256,3432,0,0
malloc,858,alloc,643,256,1,430,110080,113520,3440,0,0
malloc,859,alloc,644,256,1,431,110336,113784,3448,0,0
malloc,860,free,214,0,1,430,110080,113520,3440,0,0
malloc,861,alloc,645,256,1,431,110336,113784,3448,0,0
malloc,862,alloc,646,256,1,432,110592,114048,3456,0,0
malloc,863,alloc,647,256,1,433,110848,114312,3464,0,0
malloc,864,free,215,0,1,432,110592,114048,3456,0,0
malloc,865,alloc,648,256,1,433,110848,114312,3464,0,0
malloc,866,alloc,649,256,1,434,111104,114576,3472,0,0
malloc,867,alloc,650,256,1,435,111360,114840,3480,0,0
malloc,868,free,216,0,1,434,111104,114576,3472,0,0
malloc,869,alloc,651,256,1,435,111360,114840,3480,0,0
malloc,870,alloc,652,256,1,436,111616,115104,3488,0,0
malloc,871,alloc,653,256,1,437,111872,115368,3496,0,0
malloc,872,free,217,0,1,436,111616,115104,3488,0,0
malloc,873,alloc,654,256,1,437,111872,115368,3496,0,0
malloc,874,alloc,655,256,1,438,112128,115632,3504,0,0
malloc,875,alloc,656,256,1,439,112384,115896,3512,0,0
malloc,876,free,218,0,1,438,112128,115632,3504,0,0
malloc,877,alloc,657,256,1,439,112384,115896,3512,0,0
malloc,878,alloc,658,256,1,440,112640,116160,3520,0,0
malloc,879,alloc,659,256,1,441,112896,116424,3528,0,0
malloc,880,free,219,0,1,440,112640,116160,3520,0,0
malloc,881,alloc,660,256,1,441,112896,116424,3528,0,0
malloc,882,alloc,661,256,1,442,113152,116688,3536,0,0
malloc,883,alloc,662,256,1,443,113408,116952,3544,0,0
malloc,884,free,220,0,1,442,113152,116688,3536,0,0
malloc,885,alloc,663,256,1,443,113408,116952,3544,0,0
malloc,886,alloc,664,256,1,444,113664,117216,3552,0,0
malloc,887,alloc,665,256,1,445,113920,117480,3560,0,0
malloc,888,free,221,0,1,444,113664,117216,3552,0,0
malloc,889,alloc,666,256,1,445,113920,117480,3560,0,0
malloc,890,alloc,667,256,1,446,114176,117744,3568,0,0
malloc,891,alloc,668,256,1,447,114432,118008,3576,0,0
malloc,892,free,222,0,1,446,114176,117744,3568,0,0
malloc,893,alloc,669,256,1,447,114432,118008,3576,0,0
malloc,894,alloc,670,256,1,448,114688,118272,3584,0,0
malloc,895,alloc,671,256,1,449,114944,118536,3592,0,0
malloc,896,free,223,0,1,448,114688,118272,3584,0,0
malloc,897,alloc,672,256,1,449,114944,118536,3592,0,0
malloc,898,alloc,673,256,1,450,115200,118800,3600,0,0
malloc,899,alloc,674,256,1,451,115456,119064,3608,0,0
malloc,900,free,224,0,1,450,115200,118800,3600,0,0
malloc,901,alloc,675,256,1,451,115456,119064,3608,0,0
malloc,902,alloc,676,256,1,452,115712,119328,3616,0,0
malloc,903,alloc,677,256,1,453,115968,119592,3624,0,0
malloc,904,free,225,0,1,452,115712,119328,3616,0,0
malloc,905,alloc,678,256,1,453,115968,119592,3624,0,0
malloc,906,alloc,679,256,1,454,116224,119856,3632,0,0
malloc,907,alloc,680,256,1,455,116480,120120,3640,0,0
malloc,908,free,226,0,1,454,116224,119856,3632,0,0
malloc,909,alloc,681,256,1,455,116480,120120,3640,0,0
malloc,910,alloc,682,256,1,456,116736,120384,3648,0,0
malloc,911,alloc,683,256,1,457,116992,120648,3656,0,0
malloc,912,free,227,0,1,456,116736,120384,3648,0,0
malloc,913,alloc,684,256,1,457,116992,120648,3656,0,0
malloc,914,alloc,685,256,1,458,117248,120912,3664,0,0
malloc,915,alloc,686,256,1,459,117504,121176,3672,0,0
malloc,916,free,228,0,1,458,117248,120912,3664,0,0
malloc,917,alloc,687,256,1,459,117504,121176,3672,0,0
malloc,918,alloc,688,256,1,460,117760,121440,3680,0,0
malloc,919,alloc,689,256,1,461,118016,121704,3688,0,0
malloc,920,free,229,0,1,460,117760,121440,3680,0,0
malloc,921,alloc,690,256,1,461,118016,121704,3688,0,0
malloc,922,alloc,691,256,1,462,118272,121968,3696,0,0
malloc,923,alloc,692,256,1,463,118528,122232,3704,0,0
malloc,924,free,230,0,1,462,118272,121968,3696,0,0
malloc,925,alloc,693,256,1,463,118528,122232,3704,0,0
malloc,926,alloc,694,256,1,464,118784,122496,3712,0,0
malloc,927,alloc,695,256,1,465,119040,122760,3720,0,0
malloc,928,free,231,0,1,464,118784,122496,3712,0,0
malloc,929,alloc,696,256,1,465,119040,122760,3720,0,0
malloc,930,alloc,697,256,1,466,119296,123024,3728,0,0
malloc,931,alloc,698,256,1,467,119552,123288,3736,0,0
malloc,932,free,232,0,1,466,119296,123024,3728,0,0
malloc,933,alloc,699,256,1,467,119552,123288,3736,0,0
malloc,934,alloc,700,256,1,468,119808,123552,3744,0,0
malloc,935,alloc,701,256,1,469,120064,123816,3752,0,0
malloc,936,free,233,0,1,468,119808,123552,3744,0,0
malloc,937,alloc,702,256,1,469,120064,123816,3752,0,0
malloc,938,alloc,703,256,1,470,120320,124080,3760,0,0
malloc,939,alloc,704,256,1,471,120576,124344,3768,0,0
malloc,940,free,234,0,1,470,120320,124080,3760,0,0
malloc,941,alloc,705,256,1,471,120576,124344,3768,0,0
malloc,942,alloc,706,256,1,472,120832,124608,3776,0,0
malloc,943,alloc,707,256,1,473,121088,124872,3784,0,0
malloc,944,free,235,0,1,472,120832,124608,3776,0,0
malloc,945,alloc,708,256,1,473,121088,124872,3784,0,0
malloc,946,alloc,709,256,1,474,121344,125136,3792,0,0
malloc,947,alloc,710,256,1,475,121600,125400,3800,0,0
malloc,948,free,236,0,1,474,121344,125136,3792,0,0
malloc,949,alloc,711,256,1,475,121600,125400,3800,0,0
malloc,950,alloc,712,256,1,476,121856,125664,3808,0,0
malloc,951,alloc,713,256,1,477,122112,125928,3816,0,0
malloc,952,free,237,0,1,476,121856,125664,3808,0,0
malloc,953,alloc,714,256,1,477,122112,125928,3816,0,0
malloc,954,alloc,715,256,1,478,122368,126192,3824,0,0
malloc,955,alloc,716,256,1,479,122624,126456,3832,0,0
malloc,956,free,238,0,1,478,122368,126192,3824,0,0
malloc,957,alloc,717,256,1,479,122624,126456,3832,0,0
malloc,958,alloc,718,256,1,480,122880,126720,3840,0,0
malloc,959,alloc,719,256,1,481,123136,126984,3848,0,0
malloc,960,free,239,0,1,480,122880,126720,3840,0,0
malloc,961,alloc,720,256,1,481,123136,126984,3848,0,0
malloc,962,alloc,721,256,1,482,123392,127248,3856,0,0
malloc,963,alloc,722,256,1,483,123648,127512,3864,0,0
malloc,964,free,240,0,1,482,123392,127248,3856,0,0
malloc,965,alloc,723,256,1,483,123648,127512,3864,0,0
malloc,966,alloc,724,256,1,484,123904,127776,3872,0,0
malloc,967,alloc,725,256,1,485,124160,128040,3880,0,0
malloc,968,free,241,0,1,484,123904,127776,3872,0,0
malloc,969,alloc,726,256,1,485,124160,128040,3880,0,0
malloc,970,alloc,727,256,1,486,124416,128304,3888,0,0
malloc,971,alloc,728,256,1,487,124672,128568,3896,0,0
malloc,972,free,242,0,1,486,124416,128304,3888,0,0
malloc,973,alloc,729,256,1,487,124672,128568,3896,0,0
malloc,974,alloc,730,256,1,488,124928,128832,3904,0,0
malloc,975,alloc,731,256,1,489,125184,129096,3912,0,0
malloc,976,free,243,0,1,488,124928,128832,3904,0,0
malloc,977,alloc,732,256,1,489,125184,129096,3912,0,0
malloc,978,alloc,733,256,1,490,125440,129360,3920,0,0
malloc,979,alloc,734,256,1,491,125696,129624,3928,0,0
malloc,980,free,244,0,1,490,125440,129360,3920,0,0
malloc,981,alloc,735,256,1,491,125696,129624,3928,0,0
malloc,982,alloc,736,256,1,492,125952,129888,3936,0,0
malloc,983,alloc,737,256,1,493,126208,130152,3944,0,0
malloc,984,free,245,0,1,492,125952,129888,3936,0,0
malloc,985,alloc,738,256,1,493,126208,130152,3944,0,0
malloc,986,alloc,739,256,1,494,126464,130416,3952,0,0
malloc,987,alloc,740,256,1,495,126720,130680,3960,0,0
malloc,988,free,246,0,1,494,126464,130416,3952,0,0
malloc,989,alloc,741,256,1,495,126720,130680,3960,0,0
malloc,990,alloc,742,256,1,496,126976,130944,3968,0,0
malloc,991,alloc,743,256,1,497,127232,131208,3976,0,0
malloc,992,free,247,0,1,496,126976,130944,3968,0,0
malloc,993,alloc,744,256,1,497,127232,131208,3976,0,0
malloc,994,alloc,745,256,1,498,127488,131472,3984,0,0
malloc,995,alloc,746,256,1,499,127744,131736,3992,0,0
malloc,996,free,248,0,1,498,127488,131472,3984,0,0
malloc,997,alloc,747,256,1,499,127744,131736,3992,0,0
malloc,998,alloc,748,256,1,500,128000,132000,4000,0,0
malloc,999,alloc,749,256,1,501,128256,132264,4008,0,0
malloc,1000,free,249,0,1,500,128000,132000,4000,0,0
bump,1,alloc,0,256,1,1,256,256,0,0,0
bump,2,alloc,1,256,1,2,512,512,0,0,0
bump,3,alloc,2,256,1,3,768,768,0,0,0
bump,4,free,0,0,1,2,512,768,0,256,0
bump,5,alloc,3,256,1,3,768,1024,0,256,0
bump,6,alloc,4,256,1,4,1024,1280,0,256,0
bump,7,alloc,5,256,1,5,1280,1536,0,256,0
bump,8,free,1,0,1,4,1024,1536,0,512,0
bump,9,alloc,6,256,1,5,1280,1792,0,512,0
bump,10,alloc,7,256,1,6,1536,2048,0,512,0
bump,11,alloc,8,256,1,7,1792,2304,0,512,0
bump,12,free,2,0,1,6,1536,2304,0,768,0
bump,13,alloc,9,256,1,7,1792,2560,0,768,0
bump,14,alloc,10,256,1,8,2048,2816,0,768,0
bump,15,alloc,11,256,1,9,2304,3072,0,768,0
bump,16,free,3,0,1,8,2048,3072,0,1024,0
bump,17,alloc,12,256,1,9,2304,3328,0,1024,0
bump,18,alloc,13,256,1,10,2560,3584,0,1024,0
bump,19,alloc,14,256,1,11,2816,3840,0,1024,0
bump,20,free,4,0,1,10,2560,3840,0,1280,0
bump,21,alloc,15,256,1,11,2816,4096,0,1280,0
bump,22,alloc,16,256,1,12,3072,4352,0,1280,0
bump,23,alloc,17,256,1,13,3328,4608,0,1280,0
bump,24,free,5,0,1,12,3072,4608,0,1536,0
bump,25,alloc,18,256,1,13,3328,4864,0,1536,0
bump,26,alloc,19,256,1,14,3584,5120,0,1536,0
bump,27,alloc,20,256,1,15,3840,5376,0,1536,0
bump,28,free,6,0,1,14,3584,5376,0,1792,0
bump,29,alloc,21,256,1,15,3840,5632,0,1792,0
bump,30,alloc,22,256,1,16,4096,5888,0,1792,0
bump,31,alloc,23,256,1,17,4352,6144,0,1792,0
bump,32,free,7,0,1,16,4096,6144,0,2048,0
bump,33,alloc,24,256,1,17,4352,6400,0,2048,0
bump,34,alloc,25,256,1,18,4608,6656,0,2048,0
bump,35,alloc,26,256,1,19,4864,6912,0,2048,0
bump,36,free,8,0,1,18,4608,6912,0,2304,0
bump,37,alloc,27,256,1,19,4864,7168,0,2304,0
bump,38,alloc,28,256,1,20,5120,7424,0,2304,0
bump,39,alloc,29,256,1,21,5376,7680,0,2304,0
bump,40,free,9,0,1,20,5120,7680,0,2560,0
bump,41,alloc,30,256,1,21,5376,7936,0,2560,0
bump,42,alloc,31,256,1,22,5632,8192,0,2560,0
bump,43,alloc,32,256,1,23,5888,8448,0,2560,0
bump,44,free,10,0,1,22,5632,8448,0,2816,0
bump,45,alloc,33,256,1,23,5888,8704,0,2816,0
bump,46,alloc,34,256,1,24,6144,8960,0,2816,0
bump,47,alloc,35,256,1,25,6400,9216,0,2816,0
bump,48,free,11,0,1,24,6144,9216,0,3072,0
bump,49,alloc,36,256,1,25,6400,9472,0,3072,0
bump,50,alloc,37,256,1,26,6656,9728,0,3072,0
bump,51,alloc,38,256,1,27,6912,9984,0,3072,0
bump,52,free,12,0,1,26,6656,9984,0,3328,0
bump,53,alloc,39,256,1,27,6912,10240,0,3328,0
bump,54,alloc,40,256,1,28,7168,10496,0,3328,0
bump,55,alloc,41,256,1,29,7424,10752,0,3328,0
bump,56,free,13,0,1,28,7168,10752,0,3584,0
bump,57,alloc,42,256,1,29,7424,11008,0,3584,0
bump,58,alloc,43,256,1,30,7680,11264,0,3584,0
bump,59,alloc,44,256,1,31,7936,11520,0,3584,0
bump,60,free,14,0,1,30,7680,11520,0,3840,0
bump,61,alloc,45,256,1,31,7936,11776,0,3840,0
bump,62,alloc,46,256,1,32,8192,12032,0,3840,0
bump,63,alloc,47,256,1,33,8448,12288,0,3840,0
bump,64,free,15,0,1,32,8192,12288,0,4096,0
bump,65,alloc,48,256,1,33,8448,12544,0,4096,0
bump,66,alloc,49,256,1,34,8704,12800,0,4096,0
bump,67,alloc,50,256,1,35,8960,13056,0,4096,0
bump,68,free,16,0,1,34,8704,13056,0,4352,0
bump,69,alloc,51,256,1,35,8960,13312,0,4352,0
bump,70,alloc,52,256,1,36,9216,13568,0,4352,0
bump,71,alloc,53,256,1,37,9472,13824,0,4352,0
bump,72,free,17,0,1,36,9216,13824,0,4608,0
bump,73,alloc,54,256,1,37,9472,14080,0,4608,0
bump,74,alloc,55,256,1,38,9728,14336,0,4608,0
bump,75,alloc,56,256,1,39,9984,14592,0,4608,0
bump,76,free,18,0,1,38,9728,14592,0,4864,0
bump,77,alloc,57,256,1,39,9984,14848,0,4864,0
bump,78,alloc,58,256,1,40,10240,15104,0,4864,0
bump,79,alloc,59,256,1,41,10496,15360,0,4864,0
bump,80,free,19,0,1,40,10240,15360,0,5120,0
bump,81,alloc,60,256,1,41,10496,15616,0,5120,0
bump,82,alloc,61,256,1,42,10752,15872,0,5120,0
bump,83,alloc,62,256,1,43,11008,16128,0,5120,0
bump,84,free,20,0,1,42,10752,16128,0,5376,0
bump,85,alloc,63,256,1,43,11008,16384,0,5376,0
bump,86,alloc,64,256,1,44,11264,16640,0,5376,0
bump,87,alloc,65,256,1,45,11520,16896,0,5376,0
bump,88,free,21,0,1,44,11264,16896,0,5632,0
bump,89,alloc,66,256,1,45,11520,17152,0,5632,0
bump,90,alloc,67,256,1,46,11776,17408,0,5632,0
bump,91,alloc,68,256,1,47,12032,17664,0,5632,0
bump,92,free,22,0,1,46,11776,17664,0,5888,0
bump,93,alloc,69,256,1,47,12032,17920,0,5888,0
bump,94,alloc,70,256,1,48,12288,18176,0,5888,0
bump,95,alloc,71,256,1,49,12544,18432,0,5888,0
bump,96,free,23,0,1,48,12288,18432,0,6144,0
bump,97,alloc,72,256,1,49,12544,18688,0,6144,0
bump,98,alloc,73,256,1,50,12800,18944,0,6144,0
bump,99,alloc,74,256,1,51,13056,19200,0,6144,0
bump,100,free,24,0,1,50,12800,19200,0,6400,0
bump,101,alloc,75,256,1,51,13056,19456,0,6400,0
bump,102,alloc,76,256,1,52,13312,19712,0,6400,0
bump,103,alloc,77,256,1,53,13568,19968,0,6400,0
bump,104,free,25,0,1,52,13312,19968,0,6656,0
bump,105,alloc,78,256,1,53,13568,20224,0,6656,0
bump,106,alloc,79,256,1,54,13824,20480,0,6656,0
bump,107,alloc,80,256,1,55,14080,20736,0,6656,0
bump,108,free,26,0,1,54,13824,20736,0,6912,0
bump,109,alloc,81,256,1,55,14080,20992,0,6912,0
bump,110,alloc,82,256,1,56,14336,21248,0,6912,0
bump,111,alloc,83,256,1,57,14592,21504,0,6912,0
bump,112,free,27,0,1,56,14336,21504,0,7168,0
bump,113,alloc,84,256,1,57,14592,21760,0,7168,0
bump,114,alloc,85,256,1,58,14848,22016,0,7168,0
bump,115,alloc,86,256,1,59,15104,22272,0,7168,0
bump,116,free,28,0,1,58,14848,22272,0,7424,0
bump,117,alloc,87,256,1,59,15104,22528,0,7424,0
bump,118,alloc,88,256,1,60,15360,22784,0,7424,0
bump,119,alloc,89,256,1,61,15616,23040,0,7424,0
bump,120,free,29,0,1,60,15360,23040,0,7680,0
bump,121,alloc,90,256,1,61,15616,23296,0,7680,0
bump,122,alloc,91,256,1,62,15872,23552,0,7680,0
bump,123,alloc,92,256,1,63,16128,23808,0,7680,0
bump,124,free,30,0,1,62,15872,23808,0,7936,0
bump,125,alloc,93,256,1,63,16128,24064,0,7936,0
bump,126,alloc,94,256,1,64,16384,24320,0,7936,0
bump,127,alloc,95,256,1,65,16640,24576,0,7936,0
bump,128,free,31,0,1,64,16384,24576,0,8192,0
bump,129,alloc,96,256,1,65,16640,24832,0,8192,0
bump,130,alloc,97,256,1,66,16896,25088,0,8192,0
bump,131,alloc,98,256,1,67,17152,25344,0,8192,0
bump,132,free,32,0,1,66,16896,25344,0,8448,0
bump,133,alloc,99,256,1,67,17152,25600,0,8448,0
bump,134,alloc,100,256,1,68,17408,25856,0,8448,0
bump,135,alloc,101,256,1,69,17664,26112,0,8448,0
bump,136,free,33,0,1,68,17408,26112,0,8704,0
bump,137,alloc,102,256,1,69,17664,26368,0,8704,0
bump,138,alloc,103,256,1,70,17920,26624,0,8704,0
bump,139,alloc,104,256,1,71,18176,26880,0,8704,0
bump,140,free,34,0,1,70,17920,26880,0,8960,0
bump,141,alloc,105,256,1,71,18176,27136,0,8960,0
bump,142,alloc,106,256,1,72,18432,27392,0,8960,0
bump,143,alloc,107,256,1,73,18688,27648,0,8960,0
bump,144,free,35,0,1,72,18432,27648,0,9216,0
bump,145,alloc,108,256,1,73,18688,27904,0,9216,0
bump,146,alloc,109,256,1,74,18944,28160,0,9216,0
bump,147,alloc,110,256,1,75,19200,28416,0,9216,0
bump,148,free,36,0,1,74,18944,28416,0,9472,0
bump,149,alloc,111,256,1,75,19200,28672,0,9472,0
bump,150,alloc,112,256,1,76,19456,28928,0,9472,0
bump,151,alloc,113,256,1,77,19712,29184,0,9472,0
bump,152,free,37,0,1,76,19456,29184,0,9728,0
bump,153,alloc,114,256,1,77,19712,29440,0,9728,0
bump,154,alloc,115,256,1,78,19968,29696,0,9728,0
bump,155,alloc,116,256,1,79,20224,29952,0,9728,0
bump,156,free,38,0,1,78,19968,29952,0,9984,0
bump,157,alloc,117,256,1,79,20224,30208,0,9984,0
bump,158,alloc,118,256,1,80,20480,30464,0,9984,0
bump,159,alloc,119,256,1,81,20736,30720,0,9984,0
bump,160,free,39,0,1,80,20480,30720,0,10240,0
bump,161,alloc,120,256,1,81,20736,30976,0,10240,0
bump,162,alloc,121,256,1,82,20992,31232,0,10240,0
bump,163,alloc,122,256,1,83,21248,31488,0,10240,0
bump,164,free,40,0,1,82,20992,31488,0,10496,0
bump,165,alloc,123,256,1,83,21248,31744,0,10496,0
bump,166,alloc,124,256,1,84,21504,32000,0,10496,0
bump,167,alloc,125,256,1,85,21760,32256,0,10496,0
bump,168,free,41,0,1,84,21504,32256,0,10752,0
bump,169,alloc,126,256,1,85,21760,32512,0,10752,0
bump,170,alloc,127,256,1,86,22016,32768,0,10752,0
bump,171,alloc,128,256,1,87,22272,33024,0,10752,0
bump,172,free,42,0,1,86,22016,33024,0,11008,0
bump,173,alloc,129,256,1,87,22272,33280,0,11008,0
bump,174,alloc,130,256,1,88,22528,33536,0,11008,0
bump,175,alloc,131,256,1,89,22784,33792,0,11008,0
bump,176,free,43,0,1,88,22528,33792,0,11264,0
bump,177,alloc,132,256,1,89,22784,34048,0,11264,0
bump,178,alloc,133,256,1,90,23040,34304,0,11264,0
bump,179,alloc,134,256,1,91,23296,34560,0,11264,0
bump,180,free,44,0,1,90,23040,34560,0,11520,0
bump,181,alloc,135,256,1,91,23296,34816,0,11520,0
bump,182,alloc,136,256,1,92,23552,35072,0,11520,0
bump,183,alloc,137,256,1,93,23808,35328,0,11520,0
bump,184,free,45,0,1,92,23552,35328,0,11776,0
bump,185,alloc,138,256,1,93,23808,35584,0,11776,0
bump,186,alloc,139,256,1,94,24064,35840,0,11776,0
bump,187,alloc,140,256,1,95,24320,36096,0,11776,0
bump,188,free,46,0,1,94,24064,36096,0,12032,0
bump,189,alloc,141,256,1,95,24320,36352,0,12032,0
bump,190,alloc,142,256,1,96,24576,36608,0,12032,0
bump,191,alloc,143,256,1,97,24832,36864,0,12032,0
bump,192,free,47,0,1,96,24576,36864,0,12288,0
bump,193,alloc,144,256,1,97,24832,37120,0,12288,0
bump,194,alloc,145,256,1,98,25088,37376,0,12288,0
bump,195,alloc,146,256,1,99,25344,37632,0,12288,0
bump,196,free,48,0,1,98,25088,37632,0,12544,0
bump,197,alloc,147,256,1,99,25344,37888,0,12544,0
bump,198,alloc,148,256,1,100,25600,38144,0,12544,0
bump,199,alloc,149,256,1,101,25856,38400,0,12544,0
bump,200,free,49,0,1,100,25600,38400,0,12800,0
bump,201,alloc,150,256,1,101,25856,38656,0,12800,0
bump,202,alloc,151,256,1,102,26112,38912,0,12800,0
bump,203,alloc,152,256,1,103,26368,39168,0,12800,0
bump,204,free,50,0,1,102,26112,39168,0,13056,0
bump,205,alloc,153,256,1,103,26368,39424,0,13056,0
bump,206,alloc,154,256,1,104,26624,39680,0,13056,0
bump,207,alloc,155,256,1,105,26880,39936,0,13056,0
bump,208,free,51,0,1,104,26624,39936,0,13312,0
bump,209,alloc,156,256,1,105,26880,40192,0,13312,0
bump,210,alloc,157,256,1,106,27136,40448,0,13312,0
bump,211,alloc,158,256,1,107,27392,40704,0,13312,0
bump,212,free,52,0,1,106,27136,40704,0,13568,0
bump,213,alloc,159,256,1,107,27392,40960,0,13568,0
bump,214,alloc,160,256,1,108,27648,41216,0,13568,0
bump,215,alloc,161,256,1,109,27904,41472,0,13568,0
bump,216,free,53,0,1,108,27648,41472,0,13824,0
bump,217,alloc,162,256,1,109,27904,41728,0,13824,0
bump,218,alloc,163,256,1,110,28160,41984,0,13824,0
bump,219,alloc,164,256,1,111,28416,42240,0,13824,0
bump,220,free,54,0,1,110,28160,42240,0,14080,0
bump,221,alloc,165,256,1,111,28416,42496,0,14080,0
bump,222,alloc,166,256,1,112,28672,42752,0,14080,0
bump,223,alloc,167,256,1,113,28928,43008,0,14080,0
bump,224,free,55,0,1,112,28672,43008,0,14336,0
bump,225,alloc,168,256,1,113,28928,43264,0,14336,0
bump,226,alloc,169,256,1,114,29184,43520,0,14336,0
bump,227,alloc,170,256,1,115,29440,43776,0,14336,0
bump,228,free,56,0,1,114,29184,43776,0,14592,0
bump,229,alloc,171,256,1,115,29440,44032,0,14592,0
bump,230,alloc,172,256,1,116,29696,44288,0,14592,0
bump,231,alloc,173,256,1,117,29952,44544,0,14592,0
bump,232,free,57,0,1,116,29696,44544,0,14848,0
bump,233,alloc,174,256,1,117,29952,44800,0,14848,0
bump,234,alloc,175,256,1,118,30208,45056,0,14848,0
bump,235,alloc,176,256,1,119,30464,45312,0,14848,0
bump,236,free,58,0,1,118,30208,45312,0,15104,0
bump,237,alloc,177,256,1,119,30464,45568,0,15104,0
bump,238,alloc,178,256,1,120,30720,45824,0,15104,0
bump,239,alloc,179,256,1,121,30976,46080,0,15104,0
bump,240,free,59,0,1,120,30720,46080,0,15360,0
bump,241,alloc,180,256,1,121,30976,46336,0,15360,0
bump,242,alloc,181,256,1,122,31232,46592,0,15360,0
bump,243,alloc,182,256,1,123,31488,46848,0,15360,0
bump,244,free,60,0,1,122,31232,46848,0,15616,0
bump,245,alloc,183,256,1,123,31488,47104,0,15616,0
bump,246,alloc,184,256,1,124,31744,47360,0,15616,0
bump,247,alloc,185,256,1,125,32000,47616,0,15616,0
bump,248,free,61,0,1,124,31744,47616,0,15872,0
bump,249,alloc,186,256,1,125,32000,47872,0,15872,0
bump,250,alloc,187,256,1,126,32256,48128,0,15872,0
bump,251,alloc,188,256,1,127,32512,48384,0,15872,0
bump,252,free,62,0,1,126,32256,48384,0,16128,0
bump,253,alloc,189,256,1,127,32512,48640,0,16128,0
bump,254,alloc,190,256,1,128,32768,48896,0,16128,0
bump,255,alloc,191,256,1,129,33024,49152,0,16128,0
bump,256,free,63,0,1,128,32768,49152,0,16384,0
bump,257,alloc,192,256,1,129,33024,49408,0,16384,0
bump,258,alloc,193,256,1,130,33280,49664,0,16384,0
bump,259,alloc,194,256,1,131,33536,49920,0,16384,0
bump,260,free,64,0,1,130,33280,49920,0,16640,0
bump,261,alloc,195,256,1,131,33536,50176,0,16640,0
bump,262,alloc,196,256,1,132,33792,50432,0,16640,0
bump,263,alloc,197,256,1,133,34048,50688,0,16640,0
bump,264,free,65,0,1,132,33792,50688,0,16896,0
bump,265,alloc,198,256,1,133,34048,50944,0,16896,0
bump,266,alloc,199,256,1,134,34304,51200,0,16896,0
bump,267,alloc,200,256,1,135,34560,51456,0,16896,0
bump,268,free,66,0,1,134,34304,51456,0,17152,0
bump,269,alloc,201,256,1,135,34560,51712,0,17152,0
bump,270,alloc,202,256,1,136,34816,51968,0,17152,0
bump,271,alloc,203,256,1,137,35072,52224,0,17152,0
bump,272,free,67,0,1,136,34816,52224,0,17408,0
bump,273,alloc,204,256,1,137,35072,52480,0,17408,0
bump,274,alloc,205,256,1,138,35328,52736,0,17408,0
bump,275,alloc,206,256,1,139,35584,52992,0,17408,0
bump,276,free,68,0,1,138,35328,52992,0,17664,0
bump,277,alloc,207,256,1,139,35584,53248,0,17664,0
bump,278,alloc,208,256,1,140,35840,53504,0,17664,0
bump,279,alloc,209,256,1,141,36096,53760,0,17664,0
bump,280,free,69,0,1,140,35840,53760,0,17920,0
bump,281,alloc,210,256,1,141,36096,54016,0,17920,0
bump,282,alloc,211,256,1,142,36352,54272,0,17920,0
bump,283,alloc,212,256,1,143,36608,54528,0,17920,0
bump,284,free,70,0,1,142,36352,54528,0,18176,0
bump,285,alloc,213,256,1,143,36608,54784,0,18176,0
bump,286,alloc,214,256,1,144,36864,55040,0,18176,0
bump,287,alloc,215,256,1,145,37120,55296,0,18176,0
bump,288,free,71,0,1,144,36864,55296,0,18432,0
bump,289,alloc,216,256,1,145,37120,55552,0,18432,0
bump,290,alloc,217,256,1,146,37376,55808,0,18432,0
bump,291,alloc,218,256,1,147,37632,56064,0,18432,0
bump,292,free,72,0,1,146,37376,56064,0,18688,0
bump,293,alloc,219,256,1,147,37632,56320,0,18688,0
bump,294,alloc,220,256,1,148,37888,56576,0,18688,0
bump,295,alloc,221,256,1,149,38144,56832,0,18688,0
bump,296,free,73,0,1,148,37888,56832,0,18944,0
bump,297,alloc,222,256,1,149,38144,57088,0,18944,0
bump,298,alloc,223,256,1,150,38400,57344,0,18944,0
bump,299,alloc,224,256,1,151,38656,57600,0,18944,0
bump,300,free,74,0,1,150,38400,57600,0,19200,0
bump,301,alloc,225,256,1,151,38656,57856,0,19200,0
bump,302,alloc,226,256,1,152,38912,58112,0,19200,0
bump,303,alloc,227,256,1,153,39168,58368,0,19200,0
bump,304,free,75,0,1,152,38912,58368,0,19456,0
bump,305,alloc,228,256,1,153,39168,58624,0,19456,0
bump,306,alloc,229,256,1,154,39424,58880,0,19456,0
bump,307,alloc,230,256,1,155,39680,59136,0,19456,0
bump,308,free,76,0,1,154,39424,59136,0,19712,0
bump,309,alloc,231,256,1,155,39680,59392,0,19712,0
bump,310,alloc,232,256,1,156,39936,59648,0,19712,0
bump,311,alloc,233,256,1,157,40192,59904,0,19712,0
bump,312,free,77,0,1,156,39936,59904,0,19968,0
bump,313,alloc,234,256,1,157,40192,60160,0,19968,0
bump,314,alloc,235,256,1,158,40448,60416,0,19968,0
bump,315,alloc,236,256,1,159,40704,60672,0,19968,0
bump,316,free,78,0,1,158,40448,60672,0,20224,0
bump,317,alloc,237,256,1,159,40704,60928,0,20224,0
bump,318,alloc,238,256,1,160,40960,61184,0,20224,0
bump,319,alloc,239,256,1,161,41216,61440,0,20224,0
bump,320,free,79,0,1,160,40960,61440,0,20480,0
bump,321,alloc,240,256,1,161,41216,61696,0,20480,0
bump,322,alloc,241,256,1,162,41472,61952,0,20480,0
bump,323,alloc,242,256,1,163,41728,62208,0,20480,0
bump,324,free,80,0,1,162,41472,62208,0,20736,0
bump,325,alloc,243,256,1,163,41728,62464,0,20736,0
bump,326,alloc,244,256,1,164,41984,62720,0,20736,0
bump,327,alloc,245,256,1,165,42240,62976,0,20736,0
bump,328,free,81,0,1,164,41984,62976,0,20992,0
bump,329,alloc,246,256,1,165,42240,63232,0,20992,0
bump,330,alloc,247,256,1,166,42496,63488,0,20992,0
bump,331,alloc,248,256,1,167,42752,63744,0,20992,0
bump,332,free,82,0,1,166,42496,63744,0,21248,0
bump,333,alloc,249,256,1,167,42752,64000,0,21248,0
bump,334,alloc,250,256,1,168,43008,64256,0,21248,0
bump,335,alloc,251,256,1,169,43264,64512,0,21248,0
bump,336,free,83,0,1,168,43008,64512,0,21504,0
bump,337,alloc,252,256,1,169,43264,64768,0,21504,0
bump,338,alloc,253,256,1,170,43520,65024,0,21504,0
bump,339,alloc,254,256,1,171,43776,65280,0,21504,0
bump,340,free,84,0,1,170,43520,65280,0,21760,0
bump,341,alloc,255,256,1,171,43776,65536,0,21760,0
bump,342,alloc,256,256,1,172,44032,65792,0,21760,0
bump,343,alloc,257,256,1,173,44288,66048,0,21760,0
bump,344,free,85,0,1,172,44032,66048,0,22016,0
bump,345,alloc,258,256,1,173,44288,66304,0,22016,0
bump,346,alloc,259,256,1,174,44544,66560,0,22016,0
bump,347,alloc,260,256,1,175,44800,66816,0,22016,0
bump,348,free,86,0,1,174,44544,66816,0,22272,0
bump,349,alloc,261,256,1,175,44800,67072,0,22272,0
bump,350,alloc,262,256,1,176,45056,67328,0,22272,0
bump,351,alloc,263,256,1,177,45312,67584,0,22272,0
bump,352,free,87,0,1,176,45056,67584,0,22528,0
bump,353,alloc,264,256,1,177,45312,67840,0,22528,0
bump,354,alloc,265,256,1,178,45568,68096,0,22528,0
bump,355,alloc,266,256,1,179,45824,68352,0,22528,0
bump,356,free,88,0,1,178,45568,68352,0,22784,0
bump,357,alloc,267,256,1,179,45824,68608,0,22784,0
bump,358,alloc,268,256,1,180,46080,68864,0,22784,0
bump,359,alloc,269,256,1,181,46336,69120,0,22784,0
bump,360,free,89,0,1,180,46080,69120,0,23040,0
bump,361,alloc,270,256,1,181,46336,69376,0,23040,0
bump,362,alloc,271,256,1,182,46592,69632,0,23040,0
bump,363,alloc,272,256,1,183,46848,69888,0,23040,0
bump,364,free,90,0,1,182,46592,69888,0,23296,0
bump,365,alloc,273,256,1,183,46848,70144,0,23296,0
bump,366,alloc,274,256,1,184,47104,70400,0,23296,0
bump,367,alloc,275,256,1,185,47360,70656,0,23296,0
bump,368,free,91,0,1,184,47104,70656,0,23552,0
bump,369,alloc,276,256,1,185,47360,70912,0,23552,0
bump,370,alloc,277,256,1,186,47616,71168,0,23552,0
bump,371,alloc,278,256,1,187,47872,71424,0,23552,0
bump,372,free,92,0,1,186,47616,71424,0,23808,0
bump,373,alloc,279,256,1,187,47872,71680,0,23808,0
bump,374,alloc,280,256,1,188,48128,71936,0,23808,0
bump,375,alloc,281,256,1,189,48384,72192,0,23808,0
bump,376,free,93,0,1,188,48128,72192,0,24064,0
bump,377,alloc,282,256,1,189,48384,72448,0,24064,0
bump,378,alloc,283,256,1,190,48640,72704,0,24064,0
bump,379,alloc,284,256,1,191,48896,72960,0,24064,0
bump,380,free,94,0,1,190,48640,72960,0,24320,0
bump,381,alloc,285,256,1,191,48896,73216,0,24320,0
bump,382,alloc,286,256,1,192,49152,73472,0,24320,0
bump,383,alloc,287,256,1,193,49408,73728,0,24320,0
bump,384,free,95,0,1,192,49152,73728,0,24576,0
bump,385,alloc,288,256,1,193,49408,73984,0,24576,0
bump,386,alloc,289,256,1,194,49664,74240,0,24576,0
bump,387,alloc,290,256,1,195,49920,74496,0,24576,0
bump,388,free,96,0,1,194,49664,74496,0,24832,0
bump,389,alloc,291,256,1,195,49920,74752,0,24832,0
bump,390,alloc,292,256,1,196,50176,75008,0,24832,0
bump,391,alloc,293,256,1,197,50432,75264,0,24832,0
bump,392,free,97,0,1,196,50176,75264,0,25088,0
bump,393,alloc,294,256,1,197,50432,75520,0,25088,0
bump,394,alloc,295,256,1,198,50688,75776,0,25088,0
bump,395,alloc,296,256,1,199,50944,76032,0,25088,0
bump,396,free,98,0,1,198,50688,76032,0,25344,0
bump,397,alloc,297,256,1,199,50944,76288,0,25344,0
bump,398,alloc,298,256,1,200,51200,76544,0,25344,0
bump,399,alloc,299,256,1,201,51456,76800,0,25344,0
bump,400,free,99,0,1,200,51200,76800,0,25600,0
bump,401,alloc,300,256,1,201,51456,77056,0,25600,0
bump,402,alloc,301,256,1,202,51712,77312,0,25600,0
bump,403,alloc,302,256,1,203,51968,77568,0,25600,0
bump,404,free,100,0,1,202,51712,77568,0,25856,0
bump,405,alloc,303,256,1,203,51968,77824,0,25856,0
bump,406,alloc,304,256,1,204,52224,78080,0,25856,0
bump,407,alloc,305,256,1,205,52480,78336,0,25856,0
bump,408,free,101,0,1,204,52224,78336,0,26112,0
bump,409,alloc,306,256,1,205,52480,78592,0,26112,0
bump,410,alloc,307,256,1,206,52736,78848,0,26112,0
bump,411,alloc,308,256,1,207,52992,79104,0,26112,0
bump,412,free,102,0,1,206,52736,79104,0,26368,0
bump,413,alloc,309,256,1,207,52992,79360,0,26368,0
bump,414,alloc,310,256,1,208,53248,79616,0,26368,0
bump,415,alloc,311,256,1,209,53504,79872,0,26368,0
bump,416,free,103,0,1,208,53248,79872,0,26624,0
bump,417,alloc,312,256,1,209,53504,80128,0,26624,0
bump,418,alloc,313,256,1,210,53760,80384,0,26624,0
bump,419,alloc,314,256,1,211,54016,80640,0,26624,0
bump,420,free,104,0,1,210,53760,80640,0,26880,0
bump,421,alloc,315,256,1,211,54016,80896,0,26880,0
bump,422,alloc,316,256,1,212,54272,81152,0,26880,0
bump,423,alloc,317,256,1,213,54528,81408,0,26880,0
bump,424,free,105,0,1,212,54272,81408,0,27136,0
bump,425,alloc,318,256,1,213,54528,81664,0,27136,0
bump,426,alloc,319,256,1,214,54784,81920,0,27136,0
bump,427,alloc,320,256,1,215,55040,82176,0,27136,0
bump,428,free,106,0,1,214,54784,82176,0,27392,0
bump,429,alloc,321,256,1,215,55040,82432,0,27392,0
bump,430,alloc,322,256,1,216,55296,82688,0,27392,0
bump,431,alloc,323,256,1,217,55552,82944,0,27392,0
bump,432,free,107,0,1,216,55296,82944,0,27648,0
bump,433,alloc,324,256,1,217,55552,83200,0,27648,0
bump,434,alloc,325,256,1,218,55808,83456,0,27648,0
bump,435,alloc,326,256,1,219,56064,83712,0,27648,0
bump,436,free,108,0,1,218,55808,83712,0,27904,0
bump,437,alloc,327,256,1,219,56064,83968,0,27904,0
bump,438,alloc,328,256,1,220,56320,84224,0,27904,0
bump,439,alloc,329,256,1,221,56576,84480,0,27904,0
bump,440,free,109,0,1,220,56320,84480,0,28160,0
bump,441,alloc,330,256,1,221,56576,84736,0,28160,0
bump,442,alloc,331,256,1,222,56832,84992,0,28160,0
bump,443,alloc,332,256,1,223,57088,85248,0,28160,0
bump,444,free,110,0,1,222,56832,85248,0,28416,0
bump,445,alloc,333,256,1,223,57088,85504,0,28416,0
bump,446,alloc,334,256,1,224,57344,85760,0,28416,0
bump,447,alloc,335,256,1,225,57600,86016,0,28416,0
bump,448,free,111,0,1,224,57344,86016,0,28672,0
bump,449,alloc,336,256,1,225,57600,86272,0,28672,0
bump,450,alloc,337,256,1,226,57856,86528,0,28672,0
bump,451,alloc,338,256,1,227,58112,86784,0,28672,0
bump,452,free,112,0,1,226,57856,86784,0,28928,0
bump,453,alloc,339,256,1,227,58112,87040,0,28928,0
bump,454,alloc,340,256,1,228,58368,87296,0,28928,0
bump,455,alloc,341,256,1,229,58624,87552,0,28928,0
bump,456,free,113,0,1,228,58368,87552,0,29184,0
bump,457,alloc,342,256,1,229,58624,87808,0,29184,0
bump,458,alloc,343,256,1,230,58880,88064,0,29184,0
bump,459,alloc,344,256,1,231,59136,88320,0,29184,0
bump,460,free,114,0,1,230,58880,88320,0,29440,0
bump,461,alloc,345,256,1,231,59136,88576,0,29440,0
bump,462,alloc,346,256,1,232,59392,88832,0,29440,0
bump,463,alloc,347,256,1,233,59648,89088,0,29440,0
bump,464,free,115,0,1,232,59392,89088,0,29696,0
bump,465,alloc,348,256,1,233,59648,89344,0,29696,0
bump,466,alloc,349,256,1,234,59904,89600,0,29696,0
bump,467,alloc,350,256,1,235,60160,89856,0,29696,0
bump,468,free,116,0,1,234,59904,89856,0,29952,0
bump,469,alloc,351,256,1,235,60160,90112,0,29952,0
bump,470,alloc,352,256,1,236,60416,90368,0,29952,0
bump,471,alloc,353,256,1,237,60672,90624,0,29952,0
bump,472,free,117,0,1,236,60416,90624,0,30208,0
bump,473,alloc,354,256,1,237,60672,90880,0,30208,0
bump,474,alloc,355,256,1,238,60928,91136,0,30208,0
bump,475,alloc,356,256,1,239,61184,91392,0,30208,0
bump,476,free,118,0,1,238,60928,91392,0,30464,0
bump,477,alloc,357,256,1,239,61184,91648,0,30464,0
bump,478,alloc,358,256,1,240,61440,91904,0,30464,0
bump,479,alloc,359,256,1,241,61696,92160,0,30464,0
bump,480,free,119,0,1,240,61440,92160,0,30720,0
bump,481,alloc,360,256,1,241,61696,92416,0,30720,0
bump,482,alloc,361,256,1,242,61952,92672,0,30720,0
bump,483,alloc,362,256,1,243,62208,92928,0,30720,0
bump,484,free,120,0,1,242,61952,92928,0,30976,0
bump,485,alloc,363,256,1,243,62208,93184,0,30976,0
bump,486,alloc,364,256,1,244,62464,93440,0,30976,0
bump,487,alloc,365,256,1,245,62720,93696,0,30976,0
bump,488,free,121,0,1,244,62464,93696,0,31232,0
bump,489,alloc,366,256,1,245,62720,93952,0,31232,0
bump,490,alloc,367,256,1,246,62976,94208,0,31232,0
bump,491,alloc,368,256,1,247,63232,94464,0,31232,0
bump,492,free,122,0,1,246,62976,94464,0,31488,0
bump,493,alloc,369,256,1,247,63232,94720,0,31488,0
bump,494,alloc,370,256,1,248,63488,94976,0,31488,0
bump,495,alloc,371,256,1,249,63744,95232,0,31488,0
bump,496,free,123,0,1,248,63488,95232,0,31744,0
bump,497,alloc,372,256,1,249,63744,95488,0,31744,0
bump,498,alloc,373,256,1,250,64000,95744,0,31744,0
bump,499,alloc,374,256,1,251,64256,96000,0,31744,0
bump,500,free,124,0,1,250,64000,96000,0,32000,0
bump,501,alloc,375,256,1,251,64256,96256,0,32000,0
bump,502,alloc,376,256,1,252,64512,96512,0,32000,0
bump,503,alloc,377,256,1,253,64768,96768,0,32000,0
bump,504,free,125,0,1,252,64512,96768,0,32256,0
bump,505,alloc,378,256,1,253,64768,97024,0,32256,0
bump,506,alloc,379,256,1,254,65024,97280,0,32256,0
bump,507,alloc,380,256,1,255,65280,97536,0,32256,0
bump,508,free,126,0,1,254,65024,97536,0,32512,0
bump,509,alloc,381,256,1,255,65280,97792,0,32512,0
bump,510,alloc,382,256,1,256,65536,98048,0,32512,0
bump,511,alloc,383,256,1,257,65792,98304,0,32512,0
bump,512,free,127,0,1,256,65536,98304,0,32768,0
bump,513,alloc,384,256,1,257,65792,98560,0,32768,0
bump,514,alloc,385,256,1,258,66048,98816,0,32768,0
bump,515,alloc,386,256,1,259,66304,99072,0,32768,0
bump,516,free,128,0,1,258,66048,99072,0,33024,0
bump,517,alloc,387,256,1,259,66304,99328,0,33024,0
bump,518,alloc,388,256,1,260,66560,99584,0,33024,0
bump,519,alloc,389,256,1,261,66816,99840,0,33024,0
bump,520,free,129,0,1,260,66560,99840,0,33280,0
bump,521,alloc,390,256,1,261,66816,100096,0,33280,0
bump,522,alloc,391,256,1,262,67072,100352,0,33280,0
bump,523,alloc,392,256,1,263,67328,100608,0,33280,0
bump,524,free,130,0,1,262,67072,100608,0,33536,0
bump,525,alloc,393,256,1,263,67328,100864,0,33536,0
bump,526,alloc,394,256,1,264,67584,101120,0,33536,0
bump,527,alloc,395,256,1,265,67840,101376,0,33536,0
bump,528,free,131,0,1,264,67584,101376,0,33792,0
bump,529,alloc,396,256,1,265,67840,101632,0,33792,0
bump,530,alloc,397,256,1,266,68096,101888,0,33792,0
bump,531,alloc,398,256,1,267,68352,102144,0,33792,0
bump,532,free,132,0,1,266,68096,102144,0,34048,0
bump,533,alloc,399,256,1,267,68352,102400,0,34048,0
bump,534,alloc,400,256,1,268,68608,102656,0,34048,0
bump,535,alloc,401,256,1,269,68864,102912,0,34048,0
bump,536,free,133,0,1,268,68608,102912,0,34304,0
bump,537,alloc,402,256,1,269,68864,103168,0,34304,0
bump,538,alloc,403,256,1,270,69120,103424,0,34304,0
bump,539,alloc,404,256,1,271,69376,103680,0,34304,0
bump,540,free,134,0,1,270,69120,103680,0,34560,0
bump,541,alloc,405,256,1,271,69376,103936,0,34560,0
bump,542,alloc,406,256,1,272,69632,104192,0,34560,0
bump,543,alloc,407,256,1,273,69888,104448,0,34560,0
bump,544,free,135,0,1,272,69632,104448,0,34816,0
bump,545,alloc,408,256,1,273,69888,104704,0,34816,0
bump,546,alloc,409,256,1,274,70144,104960,0,34816,0
bump,547,alloc,410,256,1,275,70400,105216,0,34816,0
bump,548,free,136,0,1,274,70144,105216,0,35072,0
bump,549,alloc,411,256,1,275,70400,105472,0,35072,0
bump,550,alloc,412,256,1,276,70656,105728,0,35072,0
bump,551,alloc,413,256,1,277,70912,105984,0,35072,0
bump,552,free,137,0,1,276,70656,105984,0,35328,0
bump,553,alloc,414,256,1,277,70912,106240,0,35328,0
bump,554,alloc,415,256,1,278,71168,106496,0,35328,0
bump,555,alloc,416,256,1,279,71424,106752,0,35328,0
bump,556,free,138,0,1,278,71168,106752,0,35584,0
bump,557,alloc,417,256,1,279,71424,107008,0,35584,0
bump,558,alloc,418,256,1,280,71680,107264,0,35584,0
bump,559,alloc,419,256,1,281,71936,107520,0,35584,0
bump,560,free,139,0,1,280,71680,107520,0,35840,0
bump,561,alloc,420,256,1,281,71936,107776,0,35840,0
bump,562,alloc,421,256,1,282,72192,108032,0,35840,0
bump,563,alloc,422,256,1,283,72448,108288,0,35840,0
bump,564,free,140,0,1,282,72192,108288,0,36096,0
bump,565,alloc,423,256,1,283,72448,108544,0,36096,0
bump,566,alloc,424,256,1,284,72704,108800,0,36096,0
bump,567,alloc,425,256,1,285,72960,109056,0,36096,0
bump,568,free,141,0,1,284,72704,109056,0,36352,0
bump,569,alloc,426,256,1,285,72960,109312,0,36352,0
bump,570,alloc,427,256,1,286,73216,109568,0,36352,0
bump,571,alloc,428,256,1,287,73472,109824,0,36352,0
bump,572,free,142,0,1,286,73216,109824,0,36608,0
bump,573,alloc,429,256,1,287,73472,110080,0,36608,0
bump,574,alloc,430,256,1,288,73728,110336,0,36608,0
bump,575,alloc,431,256,1,289,73984,110592,0,36608,0
bump,576,free,143,0,1,288,73728,110592,0,36864,0
bump,577,alloc,432,256,1,289,73984,110848,0,36864,0
bump,578,alloc,433,256,1,290,74240,111104,0,36864,0
bump,579,alloc,434,256,1,291,74496,111360,0,36864,0
bump,580,free,144,0,1,290,74240,111360,0,37120,0
bump,581,alloc,435,256,1,291,74496,111616,0,37120,0
bump,582,alloc,436,256,1,292,74752,111872,0,37120,0
bump,583,alloc,437,256,1,293,75008,112128,0,37120,0
bump,584,free,145,0,1,292,74752,112128,0,37376,0
bump,585,alloc,438,256,1,293,75008,112384,0,37376,0
bump,586,alloc,439,256,1,294,75264,112640,0,37376,0
bump,587,alloc,440,256,1,295,75520,112896,0,37376,0
bump,588,free,146,0,1,294,75264,112896,0,37632,0
bump,589,alloc,441,256,1,295,75520,113152,0,37632,0
bump,590,alloc,442,256,1,296,75776,113408,0,37632,0
bump,591,alloc,443,256,1,297,76032,113664,0,37632,0
bump,592,free,147,0,1,296,75776,113664,0,37888,0
bump,593,alloc,444,256,1,297,76032,113920,0,37888,0
bump,594,alloc,445,256,1,298,76288,114176,0,37888,0
bump,595,alloc,446,256,1,299,76544,114432,0,37888,0
bump,596,free,148,0,1,298,76288,114432,0,38144,0
bump,597,alloc,447,256,1,299,76544,114688,0,38144,0
bump,598,alloc,448,256,1,300,76800,114944,0,38144,0
bump,599,alloc,449,256,1,301,77056,115200,0,38144,0
bump,600,free,149,0,1,300,76800,115200,0,38400,0
bump,601,alloc,450,256,1,301,77056,115456,0,38400,0
bump,602,alloc,451,256,1,302,77312,115712,0,38400,0
bump,603,alloc,452,256,1,303,77568,115968,0,38400,0
bump,604,free,150,0,1,302,77312,115968,0,38656,0
bump,605,alloc,453,256,1,303,77568,116224,0,38656,0
bump,606,alloc,454,256,1,304,77824,116480,0,38656,0
bump,607,alloc,455,256,1,305,78080,116736,0,38656,0
bump,608,free,151,0,1,304,77824,116736,0,38912,0
bump,609,alloc,456,256,1,305,78080,116992,0,38912,0
bump,610,alloc,457,256,1,306,78336,117248,0,38912,0
bump,611,alloc,458,256,1,307,78592,117504,0,38912,0
bump,612,free,152,0,1,306,78336,117504,0,39168,0
bump,613,alloc,459,256,1,307,78592,117760,0,39168,0
bump,614,alloc,460,256,1,308,78848,118016,0,39168,0
bump,615,alloc,461,256,1,309,79104,118272,0,39168,0
bump,616,free,153,0,1,308,78848,118272,0,39424,0
bump,617,alloc,462,256,1,309,79104,118528,0,39424,0
bump,618,alloc,463,256,1,310,79360,118784,0,39424,0
bump,619,alloc,464,256,1,311,79616,119040,0,39424,0
bump,620,free,154,0,1,310,79360,119040,0,39680,0
bump,621,alloc,465,256,1,311,79616,119296,0,39680,0
bump,622,alloc,466,256,1,312,79872,119552,0,39680,0
bump,623,alloc,467,256,1,313,80128,119808,0,39680,0
bump,624,free,155,0,1,312,79872,119808,0,39936,0
bump,625,alloc,468,256,1,313,80128,120064,0,39936,0
bump,626,alloc,469,256,1,314,80384,120320,0,39936,0
bump,627,alloc,470,256,1,315,80640,120576,0,39936,0
bump,628,free,156,0,1,314,80384,120576,0,40192,0
bump,629,alloc,471,256,1,315,80640,120832,0,40192,0
bump,630,alloc,472,256,1,316,80896,121088,0,40192,0
bump,631,alloc,473,256,1,317,81152,121344,0,40192,0
bump,632,free,157,0,1,316,80896,121344,0,40448,0
bump,633,alloc,474,256,1,317,81152,121600,0,40448,0
bump,634,alloc,475,256,1,318,81408,121856,0,40448,0
bump,635,alloc,476,256,1,319,81664,122112,0,40448,0
bump,636,free,158,0,1,318,81408,122112,0,40704,0
bump,637,alloc,477,256,1,319,81664,122368,0,40704,0
bump,638,alloc,478,256,1,320,81920,122624,0,40704,0
bump,639,alloc,479,256,1,321,82176,122880,0,40704,0
bump,640,free,159,0,1,320,81920,122880,0,40960,0
bump,641,alloc,480,256,1,321,82176,123136,0,40960,0
bump,642,alloc,481,256,1,322,82432,123392,0,40960,0
bump,643,alloc,482,256,1,323,82688,123648,0,40960,0
bump,644,free,160,0,1,322,82432,123648,0,41216,0
bump,645,alloc,483,256,1,323,82688,123904,0,41216,0
bump,646,alloc,484,256,1,324,82944,124160,0,41216,0
bump,647,alloc,485,256,1,325,83200,124416,0,41216,0
bump,648,free,161,0,1,324,82944,124416,0,41472,0
bump,649,alloc,486,256,1,325,83200,124672,0,41472,0
bump,650,alloc,487,256,1,326,83456,124928,0,41472,0
bump,651,alloc,488,256,1,327,83712,125184,0,41472,0
bump,652,free,162,0,1,326,83456,125184,0,41728,0
bump,653,alloc,489,256,1,327,83712,125440,0,41728,0
bump,654,alloc,490,256,1,328,83968,125696,0,41728,0
bump,655,alloc,491,256,1,329,84224,125952,0,41728,0
bump,656,free,163,0,1,328,83968,125952,0,41984,0
bump,657,alloc,492,256,1,329,84224,126208,0,41984,0
bump,658,alloc,493,256,1,330,84480,126464,0,41984,0
bump,659,alloc,494,256,1,331,84736,126720,0,41984,0
bump,660,free,164,0,1,330,84480,126720,0,42240,0
bump,661,alloc,495,256,1,331,84736,126976,0,42240,0
bump,662,alloc,496,256,1,332,84992,127232,0,42240,0
bump,663,alloc,497,256,1,333,85248,127488,0,42240,0
bump,664,free,165,0,1,332,84992,127488,0,42496,0
bump,665,alloc,498,256,1,333,85248,127744,0,42496,0
bump,666,alloc,499,256,1,334,85504,128000,0,42496,0
bump,667,alloc,500,256,1,335,85760,128256,0,42496,0
bump,668,free,166,0,1,334,85504,128256,0,42752,0
bump,669,alloc,501,256,1,335,85760,128512,0,42752,0
bump,670,alloc,502,256,1,336,86016,128768,0,42752,0
bump,671,alloc,503,256,1,337,86272,129024,0,42752,0
bump,672,free,167,0,1,336,86016,129024,0,43008,0
bump,673,alloc,504,256,1,337,86272,129280,0,43008,0
bump,674,alloc,505,256,1,338,86528,129536,0,43008,0
bump,675,alloc,506,256,1,339,86784,129792,0,43008,0
bump,676,free,168,0,1,338,86528,129792,0,43264,0
bump,677,alloc,507,256,1,339,86784,130048,0,43264,0
bump,678,alloc,508,256,1,340,87040,130304,0,43264,0
bump,679,alloc,509,256,1,341,87296,130560,0,43264,0
bump,680,free,169,0,1,340,87040,130560,0,43520,0
bump,681,alloc,510,256,1,341,87296,130816,0,43520,0
bump,682,alloc,511,256,1,342,87552,131072,0,43520,0
bump,683,alloc,512,256,1,343,87808,131328,0,43520,0
bump,684,free,170,0,1,342,87552,131328,0,43776,0
bump,685,alloc,513,256,1,343,87808,131584,0,43776,0
bump,686,alloc,514,256,1,344,88064,131840,0,43776,0
bump,687,alloc,515,256,1,345,88320,132096,0,43776,0
bump,688,free,171,0,1,344,88064,132096,0,44032,0
bump,689,alloc,516,256,1,345,88320,132352,0,44032,0
bump,690,alloc,517,256,1,346,88576,132608,0,44032,0
bump,691,alloc,518,256,1,347,88832,132864,0,44032,0
bump,692,free,172,0,1,346,88576,132864,0,44288,0
bump,693,alloc,519,256,1,347,88832,133120,0,44288,0
bump,694,alloc,520,256,1,348,89088,133376,0,44288,0
bump,695,alloc,521,256,1,349,89344,133632,0,44288,0
bump,696,free,173,0,1,348,89088,133632,0,44544,0
bump,697,alloc,522,256,1,349,89344,133888,0,44544,0
bump,698,alloc,523,256,1,350,89600,134144,0,44544,0
bump,699,alloc,524,256,1,351,89856,134400,0,44544,0
bump,700,free,174,0,1,350,89600,134400,0,44800,0
bump,701,alloc,525,256,1,351,89856,134656,0,44800,0
bump,702,alloc,526,256,1,352,90112,134912,0,44800,0
bump,703,alloc,527,256,1,353,90368,135168,0,44800,0
bump,704,free,175,0,1,352,90112,135168,0,45056,0
bump,705,alloc,528,256,1,353,90368,135424,0,45056,0
bump,706,alloc,529,256,1,354,90624,135680,0,45056,0
bump,707,alloc,530,256,1,355,90880,135936,0,45056,0
bump,708,free,176,0,1,354,90624,135936,0,45312,0
bump,709,alloc,531,256,1,355,90880,136192,0,45312,0
bump,710,alloc,532,256,1,356,91136,136448,0,45312,0
bump,711,alloc,533,256,1,357,91392,136704,0,45312,0
bump,712,free,177,0,1,356,91136,136704,0,45568,0
bump,713,alloc,534,256,1,357,91392,136960,0,45568,0
bump,714,alloc,535,256,1,358,91648,137216,0,45568,0
bump,715,alloc,536,256,1,359,91904,137472,0,45568,0
bump,716,free,178,0,1,358,91648,137472,0,45824,0
bump,717,alloc,537,256,1,359,91904,137728,0,45824,0
bump,718,alloc,538,256,1,360,92160,137984,0,45824,0
bump,719,alloc,539,256,1,361,92416,138240,0,45824,0
bump,720,free,179,0,1,360,92160,138240,0,46080,0
bump,721,alloc,540,256,1,361,92416,138496,0,46080,0
bump,722,alloc,541,256,1,362,92672,138752,0,46080,0
bump,723,alloc,542,256,1,363,92928,139008,0,46080,0
bump,724,free,180,0,1,362,92672,139008,0,46336,0
bump,725,alloc,543,256,1,363,92928,139264,0,46336,0
bump,726,alloc,544,256,1,364,93184,139520,0,46336,0
bump,727,alloc,545,256,1,365,93440,139776,0,46336,0
bump,728,free,181,0,1,364,93184,139776,0,46592,0
bump,729,alloc,546,256,1,365,93440,140032,0,46592,0
bump,730,alloc,547,256,1,366,93696,140288,0,46592,0
bump,731,alloc,548,256,1,367,93952,140544,0,46592,0
bump,732,free,182,0,1,366,93696,140544,0,46848,0
bump,733,alloc,549,256,1,367,93952,140800,0,46848,0
bump,734,alloc,550,256,1,368,94208,141056,0,46848,0
bump,735,alloc,551,256,1,369,94464,141312,0,46848,0
bump,736,free,183,0,1,368,94208,141312,0,47104,0
bump,737,alloc,552,256,1,369,94464,141568,0,47104,0
bump,738,alloc,553,256,1,370,94720,141824,0,47104,0
bump,739,alloc,554,256,1,371,94976,142080,0,47104,0
bump,740,free,184,0,1,370,94720,142080,0,47360,0
bump,741,alloc,555,256,1,371,94976,142336,0,47360,0
bump,742,alloc,556,256,1,372,95232,142592,0,47360,0
bump,743,alloc,557,256,1,373,95488,142848,0,47360,0
bump,744,free,185,0,1,372,95232,142848,0,47616,0
bump,745,alloc,558,256,1,373,95488,143104,0,47616,0
bump,746,alloc,559,256,1,374,95744,143360,0,47616,0
bump,747,alloc,560,256,1,375,96000,143616,0,47616,0
bump,748,free,186,0,1,374,95744,143616,0,47872,0
bump,749,alloc,561,256,1,375,96000,143872,0,47872,0
bump,750,alloc,562,256,1,376,96256,144128,0,47872,0
bump,751,alloc,563,256,1,377,96512,144384,0,47872,0
bump,752,free,187,0,1,376,96256,144384,0,48128,0
bump,753,alloc,564,256,1,377,96512,144640,0,48128,0
bump,754,alloc,565,256,1,378,96768,144896,0,48128,0
bump,755,alloc,566,256,1,379,97024,145152,0,48128,0
bump,756,free,188,0,1,378,96768,145152,0,48384,0
bump,757,alloc,567,256,1,379,97024,145408,0,48384,0
bump,758,alloc,568,256,1,380,97280,145664,0,48384,0
bump,759,alloc,569,256,1,381,97536,145920,0,48384,0
bump,760,free,189,0,1,380,97280,145920,0,48640,0
bump,761,alloc,570,256,1,381,97536,146176,0,48640,0
bump,762,alloc,571,256,1,382,97792,146432,0,48640,0
bump,763,alloc,572,256,1,383,98048,146688,0,48640,0
bump,764,free,190,0,1,382,97792,146688,0,48896,0
bump,765,alloc,573,256,1,383,98048,146944,0,48896,0
bump,766,alloc,574,256,1,384,98304,147200,0,48896,0
bump,767,alloc,575,256,1,385,98560,147456,0,48896,0
bump,768,free,191,0,1,384,98304,147456,0,49152,0
bump,769,alloc,576,256,1,385,98560,147712,0,49152,0
bump,770,alloc,577,256,1,386,98816,147968,0,49152,0
bump,771,alloc,578,256,1,387,99072,148224,0,49152,0
bump,772,free,192,0,1,386,98816,148224,0,49408,0
bump,773,alloc,579,256,1,387,99072,148480,0,49408,0
bump,774,alloc,580,256,1,388,99328,148736,0,49408,0
bump,775,alloc,581,256,1,389,99584,148992,0,49408,0
bump,776,free,193,0,1,388,99328,148992,0,49664,0
bump,777,alloc,582,256,1,389,99584,149248,0,49664,0
bump,778,alloc,583,256,1,390,99840,149504,0,49664,0
bump,779,alloc,584,256,1,391,100096,149760,0,49664,0
bump,780,free,194,0,1,390,99840,149760,0,49920,0
bump,781,alloc,585,256,1,391,100096,150016,0,49920,0
bump,782,alloc,586,256,1,392,100352,150272,0,49920,0
bump,783,alloc,587,256,1,393,100608,150528,0,49920,0
bump,784,free,195,0,1,392,100352,150528,0,50176,0
bump,785,alloc,588,256,1,393,100608,150784,0,50176,0
bump,786,alloc,589,256,1,394,100864,151040,0,50176,0
bump,787,alloc,590,256,1,395,101120,151296,0,50176,0
bump,788,free,196,0,1,394,100864,151296,0,50432,0
bump,789,alloc,591,256,1,395,101120,151552,0,50432,0
bump,790,alloc,592,256,1,396,101376,151808,0,50432,0
bump,791,alloc,593,256,1,397,101632,152064,0,50432,0
bump,792,free,197,0,1,396,101376,152064,0,50688,0
bump,793,alloc,594,256,1,397,101632,152320,0,50688,0
bump,794,alloc,595,256,1,398,101888,152576,0,50688,0
bump,795,alloc,596,256,1,399,102144,152832,0,50688,0
bump,796,free,198,0,1,398,101888,152832,0,50944,0
bump,797,alloc,597,256,1,399,102144,153088,0,50944,0
bump,798,alloc,598,256,1,400,102400,153344,0,50944,0
bump,799,alloc,599,256,1,401,102656,153600,0,50944,0
bump,800,free,199,0,1,400,102400,153600,0,51200,0
bump,801,alloc,600,256,1,401,102656,153856,0,51200,0
bump,802,alloc,601,256,1,402,102912,154112,0,51200,0
bump,803,alloc,602,256,1,403,103168,154368,0,51200,0
bump,804,free,200,0,1,402,102912,154368,0,51456,0
bump,805,alloc,603,256,1,403,103168,154624,0,51456,0
bump,806,alloc,604,256,1,404,103424,154880,0,51456,0
bump,807,alloc,605,256,1,405,103680,155136,0,51456,0
bump,808,free,201,0,1,404,103424,155136,0,51712,0
bump,809,alloc,606,256,1,405,103680,155392,0,51712,0
bump,810,alloc,607,256,1,406,103936,155648,0,51712,0
bump,811,alloc,608,256,1,407,104192,155904,0,51712,0
bump,812,free,202,0,1,406,103936,155904,0,51968,0
bump,813,alloc,609,256,1,407,104192,156160,0,51968,0
bump,814,alloc,610,256,1,408,104448,156416,0,51968,0
bump,815,alloc,611,256,1,409,104704,156672,0,51968,0
bump,816,free,203,0,1,408,104448,156672,0,52224,0
bump,817,alloc,612,256,1,409,104704,156928,0,52224,0
bump,818,alloc,613,256,1,410,104960,157184,0,52224,0
bump,819,alloc,614,256,1,411,105216,157440,0,52224,0
bump,820,free,204,0,1,410,104960,157440,0,52480,0
bump,821,alloc,615,256,1,411,105216,157696,0,52480,0
bump,822,alloc,616,256,1,412,105472,157952,0,52480,0
bump,823,alloc,617,256,1,413,105728,158208,0,52480,0
bump,824,free,205,0,1,412,105472,158208,0,52736,0
bump,825,alloc,618,256,1,413,105728,158464,0,52736,0
bump,826,alloc,619,256,1,414,105984,158720,0,52736,0
bump,827,alloc,620,256,1,415,106240,158976,0,52736,0
bump,828,free,206,0,1,414,105984,158976,0,52992,0
bump,829,alloc,621,256,1,415,106240,159232,0,52992,0
bump,830,alloc,622,256,1,416,106496,159488,0,52992,0
bump,831,alloc,623,256,1,417,106752,159744,0,52992,0
bump,832,free,207,0,1,416,106496,159744,0,53248,0
bump,833,alloc,624,256,1,417,106752,160000,0,53248,0
bump,834,alloc,625,256,1,418,107008,160256,0,53248,0
bump,835,alloc,626,256,1,419,107264,160512,0,53248,0
bump,836,free,208,0,1,418,107008,160512,0,53504,0
bump,837,alloc,627,256,1,419,107264,160768,0,53504,0
bump,838,alloc,628,256,1,420,107520,161024,0,53504,0
bump,839,alloc,629,256,1,421,107776,161280,0,53504,0
bump,840,free,209,0,1,420,107520,161280,0,53760,0
bump,841,alloc,630,256,1,421,107776,161536,0,53760,0
bump,842,alloc,631,256,1,422,108032,161792,0,53760,0
bump,843,alloc,632,256,1,423,108288,162048,0,53760,0
bump,844,free,210,0,1,422,108032,162048,0,54016,0
bump,845,alloc,633,256,1,423,108288,162304,0,54016,0
bump,846,alloc,634,256,1,424,108544,162560,0,54016,0
bump,847,alloc,635,256,1,425,108800,162816,0,54016,0
bump,848,free,211,0,1,424,108544,162816,0,54272,0
bump,849,alloc,636,256,1,425,108800,163072,0,54272,0
bump,850,alloc,637,256,1,426,109056,163328,0,54272,0
bump,851,alloc,638,256,1,427,109312,163584,0,54272,0
bump,852,free,212,0,1,426,109056,163584,0,54528,0
bump,853,alloc,639,256,1,427,109312,163840,0,54528,0
bump,854,alloc,640,256,1,428,109568,164096,0,54528,0
bump,855,alloc,641,256,1,429,109824,164352,0,54528,0
bump,856,free,213,0,1,428,109568,164352,0,54784,0
bump,857,alloc,642,256,1,429,109824,164608,0,54784,0
bump,858,alloc,643,256,1,430,110080,164864,0,54784,0
bump,859,alloc,644,256,1,431,110336,165120,0,54784,0
bump,860,free,214,0,1,430,110080,165120,0,55040,0
bump,861,alloc,645,256,1,431,110336,165376,0,55040,0
bump,862,alloc,646,256,1,432,110592,165632,0,55040,0
bump,863,alloc,647,256,1,433,110848,165888,0,55040,0
bump,864,free,215,0,1,432,110592,165888,0,55296,0
bump,865,alloc,648,256,1,433,110848,166144,0,55296,0
bump,866,alloc,649,256,1,434,111104,166400,0,55296,0
bump,867,alloc,650,256,1,435,111360,166656,0,55296,0
bump,868,free,216,0,1,434,111104,166656,0,55552,0
bump,869,alloc,651,256,1,435,111360,166912,0,55552,0
bump,870,alloc,652,256,1,436,111616,167168,0,55552,0
bump,871,alloc,653,256,1,437,111872,167424,0,55552,0
bump,872,free,217,0,1,436,111616,167424,0,55808,0
bump,873,alloc,654,256,1,437,111872,167680,0,55808,0
bump,874,alloc,655,256,1,438,112128,167936,0,55808,0
bump,875,alloc,656,256,1,439,112384,168192,0,55808,0
bump,876,free,218,0,1,438,112128,168192,0,56064,0
bump,877,alloc,657,256,1,439,112384,168448,0,56064,0
bump,878,alloc,658,256,1,440,112640,168704,0,56064,0
bump,879,alloc,659,256,1,441,112896,168960,0,56064,0
bump,880,free,219,0,1,440,112640,168960,0,56320,0
bump,881,alloc,660,256,1,441,112896,169216,0,56320,0
bump,882,alloc,661,256,1,442,113152,169472,0,56320,0
bump,883,alloc,662,256,1,443,113408,169728,0,56320,0
bump,884,free,220,0,1,442,113152,169728,0,56576,0
bump,885,alloc,663,256,1,443,113408,169984,0,56576,0
bump,886,alloc,664,256,1,444,113664,170240,0,56576,0
bump,887,alloc,665,256,1,445,113920,170496,0,56576,0
bump,888,free,221,0,1,444,113664,170496,0,56832,0
bump,889,alloc,666,256,1,445,113920,170752,0,56832,0
bump,890,alloc,667,256,1,446,114176,171008,0,56832,0
bump,891,alloc,668,256,1,447,114432,171264,0,56832,0
bump,892,free,222,0,1,446,114176,171264,0,57088,0
bump,893,alloc,669,256,1,447,114432,171520,0,57088,0
bump,894,alloc,670,256,1,448,114688,171776,0,57088,0
bump,895,alloc,671,256,1,449,114944,172032,0,57088,0
bump,896,free,223,0,1,448,114688,172032,0,57344,0
bump,897,alloc,672,256,1,449,114944,172288,0,57344,0
bump,898,alloc,673,256,1,450,115200,172544,0,57344,0
bump,899,alloc,674,256,1,451,115456,172800,0,57344,0
bump,900,free,224,0,1,450,115200,172800,0,57600,0
bump,901,alloc,675,256,1,451,115456,173056,0,57600,0
bump,902,alloc,676,256,1,452,115712,173312,0,57600,0
bump,903,alloc,677,256,1,453,115968,173568,0,57600,0
bump,904,free,225,0,1,452,115712,173568,0,57856,0
bump,905,alloc,678,256,1,453,115968,173824,0,57856,0
bump,906,alloc,679,256,1,454,116224,174080,0,57856,0
bump,907,alloc,680,256,1,455,116480,174336,0,57856,0
bump,908,free,226,0,1,454,116224,174336,0,58112,0
bump,909,alloc,681,256,1,455,116480,174592,0,58112,0
bump,910,alloc,682,256,1,456,116736,174848,0,58112,0
bump,911,alloc,683,256,1,457,116992,175104,0,58112,0
bump,912,free,227,0,1,456,116736,175104,0,58368,0
bump,913,alloc,684,256,1,457,116992,175360,0,58368,0
bump,914,alloc,685,256,1,458,117248,175616,0,58368,0
bump,915,alloc,686,256,1,459,117504,175872,0,58368,0
bump,916,free,228,0,1,458,117248,175872,0,58624,0
bump,917,alloc,687,256,1,459,117504,176128,0,58624,0
bump,918,alloc,688,256,1,460,117760,176384,0,58624,0
bump,919,alloc,689,256,1,461,118016,176640,0,58624,0
bump,920,free,229,0,1,460,117760,176640,0,58880,0
bump,921,alloc,690,256,1,461,118016,176896,0,58880,0
bump,922,alloc,691,256,1,462,118272,177152,0,58880,0
bump,923,alloc,692,256,1,463,118528,177408,0,58880,0
bump,924,free,230,0,1,462,118272,177408,0,59136,0
bump,925,alloc,693,256,1,463,118528,177664,0,59136,0
bump,926,alloc,694,256,1,464,118784,177920,0,59136,0
bump,927,alloc,695,256,1,465,119040,178176,0,59136,0
bump,928,free,231,0,1,464,118784,178176,0,59392,0
bump,929,alloc,696,256,1,465,119040,178432,0,59392,0
bump,930,alloc,697,256,1,466,119296,178688,0,59392,0
bump,931,alloc,698,256,1,467,119552,178944,0,59392,0
bump,932,free,232,0,1,466,119296,178944,0,59648,0
bump,933,alloc,699,256,1,467,119552,179200,0,59648,0
bump,934,alloc,700,256,1,468,119808,179456,0,59648,0
bump,935,alloc,701,256,1,469,120064,179712,0,59648,0
bump,936,free,233,0,1,468,119808,179712,0,59904,0
bump,937,alloc,702,256,1,469,120064,179968,0,59904,0
bump,938,alloc,703,256,1,470,120320,180224,0,59904,0
bump,939,alloc,704,256,1,471,120576,180480,0,59904,0
bump,940,free,234,0,1,470,120320,180480,0,60160,0
bump,941,alloc,705,256,1,471,120576,180736,0,60160,0
bump,942,alloc,706,256,1,472,120832,180992,0,60160,0
bump,943,alloc,707,256,1,473,121088,181248,0,60160,0
bump,944,free,235,0,1,472,120832,181248,0,60416,0
bump,945,alloc,708,256,1,473,121088,181504,0,60416,0
bump,946,alloc,709,256,1,474,121344,181760,0,60416,0
bump,947,alloc,710,256,1,475,121600,182016,0,60416,0
bump,948,free,236,0,1,474,121344,182016,0,60672,0
bump,949,alloc,711,256,1,475,121600,182272,0,60672,0
bump,950,alloc,712,256,1,476,121856,182528,0,60672,0
bump,951,alloc,713,256,1,477,122112,182784,0,60672,0
bump,952,free,237,0,1,476,121856,182784,0,60928,0
bump,953,alloc,714,256,1,477,122112,183040,0,60928,0
bump,954,alloc,715,256,1,478,122368,183296,0,60928,0
bump,955,alloc,716,256,1,479,122624,183552,0,60928,0
bump,956,free,238,0,1,478,122368,183552,0,61184,0
bump,957,alloc,717,256,1,479,122624,183808,0,61184,0
bump,958,alloc,718,256,1,480,122880,184064,0,61184,0
bump,959,alloc,719,256,1,481,123136,184320,0,61184,0
bump,960,free,239,0,1,480,122880,184320,0,61440,0
bump,961,alloc,720,256,1,481,123136,184576,0,61440,0
bump,962,alloc,721,256,1,482,123392,184832,0,61440,0
bump,963,alloc,722,256,1,483,123648,185088,0,61440,0
bump,964,free,240,0,1,482,123392,185088,0,61696,0
bump,965,alloc,723,256,1,483,123648,185344,0,61696,0
bump,966,alloc,724,256,1,484,123904,185600,0,61696,0
bump,967,alloc,725,256,1,485,124160,185856,0,61696,0
bump,968,free,241,0,1,484,123904,185856,0,61952,0
bump,969,alloc,726,256,1,485,124160,186112,0,61952,0
bump,970,alloc,727,256,1,486,124416,186368,0,61952,0
bump,971,alloc,728,256,1,487,124672,186624,0,61952,0
bump,972,free,242,0,1,486,124416,186624,0,62208,0
bump,973,alloc,729,256,1,487,124672,186880,0,62208,0
bump,974,alloc,730,256,1,488,124928,187136,0,62208,0
bump,975,alloc,731,256,1,489,125184,187392,0,62208,0
bump,976,free,243,0,1,488,124928,187392,0,62464,0
bump,977,alloc,732,256,1,489,125184,187648,0,62464,0
bump,978,alloc,733,256,1,490,125440,187904,0,62464,0
bump,979,alloc,734,256,1,491,125696,188160,0,62464,0
bump,980,free,244,0,1,490,125440,188160,0,62720,0
bump,981,alloc,735,256,1,491,125696,188416,0,62720,0
bump,982,alloc,736,256,1,492,125952,188672,0,62720,0
bump,983,alloc,737,256,1,493,126208,188928,0,62720,0
bump,984,free,245,0,1,492,125952,188928,0,62976,0
bump,985,alloc,738,256,1,493,126208,189184,0,62976,0
bump,986,alloc,739,256,1,494,126464,189440,0,62976,0
bump,987,alloc,740,256,1,495,126720,189696,0,62976,0
bump,988,free,246,0,1,494,126464,189696,0,63232,0
bump,989,alloc,741,256,1,495,126720,189952,0,63232,0
bump,990,alloc,742,256,1,496,126976,190208,0,63232,0
bump,991,alloc,743,256,1,497,127232,190464,0,63232,0
bump,992,free,247,0,1,496,126976,190464,0,63488,0
bump,993,alloc,744,256,1,497,127232,190720,0,63488,0
bump,994,alloc,745,256,1,498,127488,190976,0,63488,0
bump,995,alloc,746,256,1,499,127744,191232,0,63488,0
bump,996,free,248,0,1,498,127488,191232,0,63744,0
bump,997,alloc,747,256,1,499,127744,191488,0,63744,0
bump,998,alloc,748,256,1,500,128000,191744,0,63744,0
bump,999,alloc,749,256,1,501,128256,192000,0,63744,0
bump,1000,free,249,0,1,500,128000,192000,0,64000,0
